,collectionName,phoneName,millisSinceGpsEpoch,constellationType,svid,signalType,receivedSvTimeInGpsNanos,xSatPosM,ySatPosM,zSatPosM,xSatVelMps,ySatVelMps,zSatVelMps,satClkBiasM,satClkDriftMps,rawPrM,rawPrUncM,isrbM,ionoDelayM,tropoDelayM,PrM,SvName,millisSinceGpsEpoch_old,ecefX,ecefY,ecefZ,b
0,2020-05-14-US-MTV-1,Pixel4,1273531163442,1,5,GPS_L1,1273531163368486972,-1622910.272,-26320707.793,1932995.476,353.871,224.734,3156.648,-3794.093,-0.001,22168575.167,1.799,0.0,5.993,4.227,22164770.854,G5,1273531164442,-2709833.5771750067,-4269088.827250491,3874377.301983095,1214.6519025432008
1,2020-05-14-US-MTV-1,Pixel4,1273531163442,1,19,GPS_L1,1273531163358798422,18314923.604,-16869012.259,8916008.595,1125.896,-386.603,-2946.926,-47594.48,0.001,25073129.386,8.094,0.0,9.85,22.152,25025502.904,G19,1273531164442,-2709833.5771750067,-4269088.827250491,3874377.301983095,1214.6519025432008
2,2020-05-14-US-MTV-1,Pixel4,1273531163442,1,25,GPS_L1,1273531163373457926,-14665410.277,-8962192.653,20080300.429,-117.353,-2593.7,-1202.716,1223.843,0.0,20678320.648,2.099,0.0,4.118,2.857,20679537.515999995,G25,1273531164442,-2709833.5771750067,-4269088.827250491,3874377.301983095,1214.6519025432008
3,2020-05-14-US-MTV-1,Pixel4,1273531163442,1,29,GPS_L1,1273531163366975018,-21263024.74,410581.546,15880893.586,1662.456,-1153.62,2247.166,-31301.311,-0.003,22621847.573,2.398,0.0,6.304,4.668,22590535.289999995,G29,1273531164442,-2709833.5771750067,-4269088.827250491,3874377.301983095,1214.6519025432008
4,2020-05-14-US-MTV-1,Pixel4,1273531163442,1,31,GPS_L1,1273531163358624456,-9548807.805,12172453.256,21579702.391,-2446.47,-1250.041,-332.043,-12714.157,-0.001,25125283.08,11.992,0.0,9.51,21.216,25112538.196999997,G31,1273531164442,-2709833.5771750067,-4269088.827250491,3874377.301983095,1214.6519025432008
5,2020-05-14-US-MTV-1,Pixel4,1273531163442,1,2,GPS_L1,1273531163370648274,-1673913.63,-16663053.74,21268013.029,2403.863,866.102,889.49,-136679.998,0.0,21520633.128,5.096,0.0,4.118,2.897,21383946.115,G2,1273531164442,-2709833.5771750067,-4269088.827250491,3874377.301983095,1214.6519025432008
6,2020-05-14-US-MTV-1,Pixel4,1273531163442,1,6,GPS_L1,1273531163364711937,10293399.056,-11301985.888,21777305.71,2469.723,1201.542,-540.692,-81414.59,-0.002,23300302.188,6.296,0.0,6.61,5.714,23218875.274,G6,1273531164442,-2709833.5771750067,-4269088.827250491,3874377.301983095,1214.6519025432008
7,2020-05-14-US-MTV-1,Pixel4,1273531163442,1,12,GPS_L1,1273531163375384693,-10469041.732,-18998832.862,15198697.49,135.702,-1964.187,-2310.209,35342.15,-0.002,20100690.433,1.799,0.0,3.757,2.513,20136026.312999997,G12,1273531164442,-2709833.5771750067,-4269088.827250491,3874377.301983095,1214.6519025432008
8,2020-05-14-US-MTV-1,Pixel4,1273531163442,1,24,GPS_L1,1273531163361680234,-20574349.397,-14945934.399,-8482793.271,1078.605,113.694,-2847.127,-3907.989,0.001,24209183.883,5.696,0.0,9.364,8.347,24205258.183000002,G24,1273531164442,-2709833.5771750067,-4269088.827250491,3874377.301983095,1214.6519025432008
0,2020-05-14-US-MTV-1,Pixel4,1273531164442,1,5,GPS_L1,1273531164368488592,-1622556.371,-26320482.87,1936152.108,353.93,225.11,3156.606,-3794.093,-0.001,22168089.503,1.799,0.0,5.992,4.227,22164285.191,G5,1273531165442,-2709833.715012308,-4269089.936990814,3874375.9424918364,1212.6242344789061
1,2020-05-14-US-MTV-1,Pixel4,1273531164442,1,25,GPS_L1,1273531164373458877,-14665527.701,-8964786.273,20079097.495,-117.493,-2593.537,-1203.149,1223.843,0.0,20678035.546,2.698,0.0,4.118,2.857,20679252.413999997,G25,1273531165442,-2709833.715012308,-4269089.936990814,3874375.9424918364,1212.6242344789061
2,2020-05-14-US-MTV-1,Pixel4,1273531164442,1,29,GPS_L1,1273531164366976387,-21261362.196,409427.799,15883140.586,1662.628,-1153.869,2246.828,-31301.313,-0.003,22621437.157,1.799,0.0,6.303,4.667,22590124.874,G29,1273531165442,-2709833.715012308,-4269089.936990814,3874375.9424918364,1212.6242344789061
3,2020-05-14-US-MTV-1,Pixel4,1273531164442,1,31,GPS_L1,1273531164358625757,-9551254.293,12171203.295,21579370.118,-2446.5,-1249.879,-332.502,-12714.158,-0.001,25124893.05,9.294,0.0,9.51,21.204,25112148.178,G31,1273531165442,-2709833.715012308,-4269089.936990814,3874375.9424918364,1212.6242344789061
4,2020-05-14-US-MTV-1,Pixel4,1273531164442,1,2,GPS_L1,1273531164370647089,-1671509.693,-16662187.692,21268902.304,2404.014,865.998,889.062,-136679.998,0.0,21520988.382,8.094,0.0,4.119,2.897,21384301.368,G2,1273531165442,-2709833.715012308,-4269089.936990814,3874375.9424918364,1212.6242344789061
5,2020-05-14-US-MTV-1,Pixel4,1273531164442,1,6,GPS_L1,1273531164364709912,10295868.78,-11300784.44,21776764.788,2469.736,1201.361,-541.152,-81414.592,-0.002,23300909.268,5.096,0.0,6.61,5.716,23219482.35,G6,1273531165442,-2709833.715012308,-4269089.936990814,3874375.9424918364,1212.6242344789061
6,2020-05-14-US-MTV-1,Pixel4,1273531164442,1,12,GPS_L1,1273531164375384410,-10468906.089,-19000796.905,15196387.118,135.585,-1963.901,-2310.535,35342.148,-0.002,20100775.275,1.799,0.0,3.757,2.513,20136111.152999997,G12,1273531165442,-2709833.715012308,-4269089.936990814,3874375.9424918364,1212.6242344789061
7,2020-05-14-US-MTV-1,Pixel4,1273531164442,1,24,GPS_L1,1273531164361678228,-20573270.627,-14945820.668,-8485640.305,1078.938,113.767,-2846.951,-3907.988,0.001,24209785.266,5.096,0.0,9.365,8.35,24205859.562999997,G24,1273531165442,-2709833.715012308,-4269089.936990814,3874375.9424918364,1212.6242344789061
0,2020-05-14-US-MTV-1,Pixel4,1273531165442,1,5,GPS_L1,1273531165368490204,-1622202.411,-26320257.571,1939308.699,353.989,225.486,3156.564,-3794.094,-0.001,22167606.237,1.799,0.0,5.992,4.226,22163801.925,G5,1273531166442,-2709833.6564368354,-4269090.663476031,3874375.1553021926,1211.5375938813804
1,2020-05-14-US-MTV-1,Pixel4,1273531165442,1,25,GPS_L1,1273531165373459817,-14665645.265,-8967379.731,20077894.128,-117.633,-2593.374,-1203.582,1223.844,0.0,20677753.741,2.398,0.0,4.118,2.857,20678970.61,G25,1273531166442,-2709833.6564368354,-4269090.663476031,3874375.1553021926,1211.5375938813804
2,2020-05-14-US-MTV-1,Pixel4,1273531165442,1,29,GPS_L1,1273531165366977753,-21259699.48,408273.803,15885387.247,1662.799,-1154.118,2246.489,-31301.316,-0.003,22621027.64,1.499,0.0,6.303,4.666,22589715.355,G29,1273531166442,-2709833.6564368354,-4269090.663476031,3874375.1553021926,1211.5375938813804
3,2020-05-14-US-MTV-1,Pixel4,1273531165442,1,31,GPS_L1,1273531165358627181,-9553700.811,12169953.495,21579037.386,-2446.53,-1249.717,-332.962,-12714.159,-0.001,25124466.146,10.493,0.0,9.51,21.193,25111721.283999998,G31,1273531166442,-2709833.6564368354,-4269090.663476031,3874375.1553021926,1211.5375938813804
4,2020-05-14-US-MTV-1,Pixel4,1273531165442,1,2,GPS_L1,1273531165370645991,-1669105.606,-16661321.747,21269791.151,2404.165,865.893,888.635,-136679.998,0.0,21521317.554,5.696,0.0,4.119,2.897,21384630.540000003,G2,1273531166442,-2709833.6564368354,-4269090.663476031,3874375.1553021926,1211.5375938813804
5,2020-05-14-US-MTV-1,Pixel4,1273531165442,1,6,GPS_L1,1273531165364707960,10298338.517,-11299583.172,21776223.406,2469.748,1201.18,-541.613,-81414.594,-0.002,23301494.463,5.096,0.0,6.611,5.717,23220067.540999997,G6,1273531166442,-2709833.6564368354,-4269090.663476031,3874375.1553021926,1211.5375938813804
6,2020-05-14-US-MTV-1,Pixel4,1273531165442,1,12,GPS_L1,1273531165375384136,-10468770.564,-19002760.661,15194076.42,135.467,-1963.614,-2310.861,35342.147,-0.002,20100857.418,1.799,0.0,3.757,2.513,20136193.295,G12,1273531166442,-2709833.6564368354,-4269090.663476031,3874375.1553021926,1211.5375938813804
7,2020-05-14-US-MTV-1,Pixel4,1273531165442,1,24,GPS_L1,1273531165361676190,-20572191.526,-14945706.865,-8488487.162,1079.27,113.839,-2846.776,-3907.987,0.001,24210396.243,6.296,0.0,9.367,8.353,24206470.536000002,G24,1273531166442,-2709833.6564368354,-4269090.663476031,3874375.1553021926,1211.5375938813804
0,2020-05-14-US-MTV-1,Pixel4,1273531166442,1,5,GPS_L1,1273531166368491788,-1621848.391,-26320031.896,1942465.247,354.048,225.862,3156.522,-3794.095,-0.001,22167131.366,1.799,0.0,5.991,4.225,22163327.055,G5,1273531167442,-2709833.6310046283,-4269090.823280377,3874374.981692287,1206.2955186146364
1,2020-05-14-US-MTV-1,Pixel4,1273531166442,1,25,GPS_L1,1273531166373460763,-14665762.968,-8969973.026,20076690.327,-117.773,-2593.211,-1204.016,1223.844,0.0,20677470.137,2.698,0.0,4.118,2.857,20678687.005999997,G25,1273531167442,-2709833.6310046283,-4269090.823280377,3874374.981692287,1206.2955186146364
2,2020-05-14-US-MTV-1,Pixel4,1273531166442,1,29,GPS_L1,1273531166366979132,-21258036.592,407119.559,15887633.569,1662.971,-1154.367,2246.15,-31301.319,-0.003,22620614.227,1.799,0.0,6.302,4.666,22589301.94,G29,1273531167442,-2709833.6310046283,-4269090.823280377,3874374.981692287,1206.2955186146364
3,2020-05-14-US-MTV-1,Pixel4,1273531166442,1,31,GPS_L1,1273531166358628485,-9556147.359,12168703.858,21578704.194,-2446.559,-1249.554,-333.421,-12714.159,-0.001,25124075.217,13.79,0.0,9.51,21.182,25111330.365999997,G31,1273531167442,-2709833.6310046283,-4269090.823280377,3874374.981692287,1206.2955186146364
4,2020-05-14-US-MTV-1,Pixel4,1273531166442,1,2,GPS_L1,1273531166370644867,-1666701.368,-16660455.908,21270679.571,2404.316,865.789,888.208,-136679.998,0.0,21521654.521,6.296,0.0,4.119,2.897,21384967.507000003,G2,1273531167442,-2709833.6310046283,-4269090.823280377,3874374.981692287,1206.2955186146364
5,2020-05-14-US-MTV-1,Pixel4,1273531166442,1,6,GPS_L1,1273531166364705900,10300808.266,-11298382.086,21775681.563,2469.76,1200.999,-542.074,-81414.596,-0.002,23302112.035,3.897,0.0,6.612,5.719,23220685.108,G6,1273531167442,-2709833.6310046283,-4269090.823280377,3874374.981692287,1206.2955186146364
6,2020-05-14-US-MTV-1,Pixel4,1273531166442,1,12,GPS_L1,1273531166375383844,-10468635.156,-19004724.13,15191765.396,135.35,-1963.327,-2311.187,35342.145,-0.002,20100944.957,2.398,0.0,3.757,2.513,20136280.832,G12,1273531167442,-2709833.6310046283,-4269090.823280377,3874374.981692287,1206.2955186146364
7,2020-05-14-US-MTV-1,Pixel4,1273531166442,1,24,GPS_L1,1273531166361674196,-20571112.091,-14945592.99,-8491333.845,1079.603,113.912,-2846.6,-3907.986,0.001,24210994.03,11.992,0.0,9.368,8.355,24207068.321,G24,1273531167442,-2709833.6310046283,-4269090.823280377,3874374.981692287,1206.2955186146364
0,2020-05-14-US-MTV-1,Pixel4,1273531167442,1,5,GPS_L1,1273531167368493397,-1621494.313,-26319805.846,1945621.754,354.108,226.238,3156.481,-3794.095,-0.001,22166649.0,1.799,0.0,5.99,4.225,22162844.69,G5,1273531168442,-2709833.624830139,-4269090.821177659,3874374.9882833986,1207.3950446458196
1,2020-05-14-US-MTV-1,Pixel4,1273531167442,1,25,GPS_L1,1273531167373461702,-14665880.811,-8972566.157,20075486.093,-117.912,-2593.048,-1204.449,1223.844,0.0,20677188.632,2.698,0.0,4.117,2.856,20678405.503000002,G25,1273531168442,-2709833.624830139,-4269090.821177659,3874374.9882833986,1207.3950446458196
2,2020-05-14-US-MTV-1,Pixel4,1273531167442,1,29,GPS_L1,1273531167366980493,-21256373.533,405965.065,15889879.552,1663.143,-1154.616,2245.811,-31301.322,-0.003,22620206.209,1.799,0.0,6.301,4.665,22588893.921,G29,1273531168442,-2709833.624830139,-4269090.821177659,3874374.9882833986,1207.3950446458196
3,2020-05-14-US-MTV-1,Pixel4,1273531167442,1,31,GPS_L1,1273531167358629669,-9558593.936,12167454.384,21578370.543,-2446.589,-1249.392,-333.88,-12714.16,-0.001,25123720.262,10.493,0.0,9.509,21.17,25110975.422999997,G31,1273531168442,-2709833.624830139,-4269090.821177659,3874374.9882833986,1207.3950446458196
4,2020-05-14-US-MTV-1,Pixel4,1273531167442,1,2,GPS_L1,1273531167370643752,-1664296.978,-16659590.173,21271567.563,2404.467,865.684,887.78,-136679.998,0.0,21521988.789,5.096,0.0,4.119,2.898,21385301.774000004,G2,1273531168442,-2709833.624830139,-4269090.821177659,3874374.9882833986,1207.3950446458196
5,2020-05-14-US-MTV-1,Pixel4,1273531167442,1,6,GPS_L1,1273531167364703883,10303278.027,-11297181.181,21775139.259,2469.772,1200.817,-542.535,-81414.598,-0.002,23302716.717,4.197,0.0,6.612,5.72,23221289.787,G6,1273531168442,-2709833.624830139,-4269090.821177659,3874374.9882833986,1207.3950446458196
6,2020-05-14-US-MTV-1,Pixel4,1273531167442,1,12,GPS_L1,1273531167375383561,-10468499.866,-19006687.313,15189454.046,135.232,-1963.04,-2311.513,35342.143,-0.002,20101029.799,2.099,0.0,3.757,2.513,20136365.672,G12,1273531168442,-2709833.624830139,-4269090.821177659,3874374.9882833986,1207.3950446458196
7,2020-05-14-US-MTV-1,Pixel4,1273531167442,1,24,GPS_L1,1273531167361672102,-20570032.323,-14945479.042,-8494180.351,1079.936,113.984,-2846.425,-3907.985,0.001,24211621.795,10.493,0.0,9.369,8.358,24207696.083000004,G24,1273531168442,-2709833.624830139,-4269090.821177659,3874374.9882833986,1207.3950446458196
0,2020-05-14-US-MTV-1,Pixel4,1273531168442,1,5,GPS_L1,1273531168368495000,-1621140.175,-26319579.419,1948778.218,354.167,226.614,3156.439,-3794.096,-0.001,22166168.433,1.799,0.0,5.989,4.224,22162364.123999998,G5,1273531169442,-2709833.621777762,-4269090.820634102,3874374.9909989373,1212.1093988409473
1,2020-05-14-US-MTV-1,Pixel4,1273531168442,1,25,GPS_L1,1273531168373462648,-14665998.794,-8975159.126,20074281.425,-118.052,-2592.885,-1204.883,1223.845,0.0,20676905.028,2.698,0.0,4.117,2.856,20678121.900000002,G25,1273531169442,-2709833.621777762,-4269090.820634102,3874374.9909989373,1212.1093988409473
2,2020-05-14-US-MTV-1,Pixel4,1273531168442,1,29,GPS_L1,1273531168366981865,-21254710.301,404810.322,15892125.197,1663.314,-1154.865,2245.473,-31301.324,-0.003,22619794.894,1.799,0.0,6.301,4.665,22588482.604000002,G29,1273531169442,-2709833.621777762,-4269090.820634102,3874374.9909989373,1212.1093988409473
3,2020-05-14-US-MTV-1,Pixel4,1273531168442,1,31,GPS_L1,1273531168358630874,-9561040.542,12166205.072,21578036.433,-2446.618,-1249.229,-334.34,-12714.161,-0.001,25123359.012,11.992,0.0,9.509,21.159,25110614.183,G31,1273531169442,-2709833.621777762,-4269090.820634102,3874374.9909989373,1212.1093988409473
4,2020-05-14-US-MTV-1,Pixel4,1273531168442,1,2,GPS_L1,1273531168370642583,-1661892.438,-16658724.542,21272455.128,2404.618,865.58,887.353,-136679.998,0.0,21522339.246,5.096,0.0,4.119,2.898,21385652.231000002,G2,1273531169442,-2709833.621777762,-4269090.820634102,3874374.9909989373,1212.1093988409473
5,2020-05-14-US-MTV-1,Pixel4,1273531168442,1,6,GPS_L1,1273531168364701890,10305747.8,-11295980.457,21774596.495,2469.784,1200.636,-542.996,-81414.599,-0.002,23303314.203,4.197,0.0,6.613,5.721,23221887.27,G6,1273531169442,-2709833.621777762,-4269090.820634102,3874374.9909989373,1212.1093988409473
6,2020-05-14-US-MTV-1,Pixel4,1273531168442,1,12,GPS_L1,1273531168375383270,-10468364.693,-19008650.208,15187142.37,135.115,-1962.753,-2311.839,35342.142,-0.002,20101117.038,2.099,0.0,3.757,2.513,20136452.91,G12,1273531169442,-2709833.621777762,-4269090.820634102,3874374.9909989373,1212.1093988409473
7,2020-05-14-US-MTV-1,Pixel4,1273531168442,1,24,GPS_L1,1273531168361670147,-20568952.223,-14945365.023,-8497026.682,1080.268,114.056,-2846.249,-3907.985,0.001,24212207.889,10.493,0.0,9.371,8.361,24208282.172,G24,1273531169442,-2709833.621777762,-4269090.820634102,3874374.9909989373,1212.1093988409473
0,2020-05-14-US-MTV-1,Pixel4,1273531169442,1,5,GPS_L1,1273531169368496613,-1620785.977,-26319352.616,1951934.641,354.226,226.99,3156.397,-3794.097,-0.001,22165684.868,1.799,0.0,5.988,4.224,22161880.559,G5,1273531170442,-2709833.61443609,-4269090.834873118,3874374.964142331,1210.5290257193847
1,2020-05-14-US-MTV-1,Pixel4,1273531169442,1,25,GPS_L1,1273531169373463620,-14666116.916,-8977751.931,20073076.324,-118.191,-2592.722,-1205.316,1223.845,0.0,20676613.63,2.998,0.0,4.117,2.856,20677830.502,G25,1273531170442,-2709833.61443609,-4269090.834873118,3874374.964142331,1210.5290257193847
2,2020-05-14-US-MTV-1,Pixel4,1273531169442,1,29,GPS_L1,1273531169366983220,-21253046.899,403655.33,15894370.503,1663.486,-1155.114,2245.134,-31301.327,-0.003,22619388.675,1.799,0.0,6.3,4.664,22588076.384,G29,1273531170442,-2709833.61443609,-4269090.834873118,3874374.964142331,1210.5290257193847
3,2020-05-14-US-MTV-1,Pixel4,1273531169442,1,31,GPS_L1,1273531169358632257,-9563487.179,12164955.922,21577701.863,-2446.648,-1249.067,-334.799,-12714.162,-0.001,25122944.399,9.294,0.0,9.509,21.148,25110199.580000002,G31,1273531170442,-2709833.61443609,-4269090.834873118,3874374.964142331,1210.5290257193847
4,2020-05-14-US-MTV-1,Pixel4,1273531169442,1,2,GPS_L1,1273531169370641465,-1659487.747,-16657859.016,21273342.266,2404.769,865.475,886.925,-136679.998,0.0,21522674.414,6.296,0.0,4.12,2.898,21385987.398000002,G2,1273531170442,-2709833.61443609,-4269090.834873118,3874374.964142331,1210.5290257193847
5,2020-05-14-US-MTV-1,Pixel4,1273531169442,1,6,GPS_L1,1273531169364699867,10308217.584,-11294779.915,21774053.269,2469.795,1200.455,-543.456,-81414.601,-0.002,23303920.683,4.797,0.0,6.614,5.723,23222493.744999997,G6,1273531170442,-2709833.61443609,-4269090.834873118,3874374.964142331,1210.5290257193847
6,2020-05-14-US-MTV-1,Pixel4,1273531169442,1,12,GPS_L1,1273531169375382985,-10468229.637,-19010612.817,15184830.369,134.997,-1962.466,-2312.165,35342.14,-0.002,20101202.479,2.398,0.0,3.757,2.513,20136538.349,G12,1273531170442,-2709833.61443609,-4269090.834873118,3874374.964142331,1210.5290257193847
7,2020-05-14-US-MTV-1,Pixel4,1273531169442,1,24,GPS_L1,1273531169361668082,-20567871.789,-14945250.931,-8499872.837,1080.601,114.128,-2846.073,-3907.984,0.001,24212826.961,10.493,0.0,9.372,8.364,24208901.240999997,G24,1273531170442,-2709833.61443609,-4269090.834873118,3874374.964142331,1210.5290257193847
0,2020-05-14-US-MTV-1,Pixel4,1273531170442,1,5,GPS_L1,1273531170368498239,-1620431.72,-26319125.438,1955091.021,354.286,227.365,3156.354,-3794.097,-0.001,22165197.405,1.799,0.0,5.988,4.223,22161393.097,G5,1273531171442,-2709833.615468187,-4269090.834852306,3874374.9634480677,1212.0169301768997
1,2020-05-14-US-MTV-1,Pixel4,1273531170442,1,25,GPS_L1,1273531170373464573,-14666235.178,-8980344.573,20071870.79,-118.331,-2592.558,-1205.749,1223.846,0.0,20676327.928,2.698,0.0,4.117,2.856,20677544.801000003,G25,1273531171442,-2709833.615468187,-4269090.834852306,3874374.9634480677,1212.0169301768997
2,2020-05-14-US-MTV-1,Pixel4,1273531170442,1,29,GPS_L1,1273531170366984591,-21251383.324,402500.089,15896615.47,1663.658,-1155.363,2244.795,-31301.33,-0.003,22618977.66,1.799,0.0,6.299,4.663,22587665.368000004,G29,1273531171442,-2709833.615468187,-4269090.834852306,3874374.9634480677,1212.0169301768997
3,2020-05-14-US-MTV-1,Pixel4,1273531170442,1,31,GPS_L1,1273531170358633536,-9565933.844,12163706.935,21577366.833,-2446.677,-1248.904,-335.259,-12714.163,-0.001,25122560.965,13.79,0.0,9.508,21.136,25109816.158,G31,1273531171442,-2709833.615468187,-4269090.834852306,3874374.9634480677,1212.0169301768997
4,2020-05-14-US-MTV-1,Pixel4,1273531170442,1,2,GPS_L1,1273531170370640325,-1657082.906,-16656993.595,21274228.976,2404.919,865.37,886.498,-136679.998,0.0,21523016.178,4.797,0.0,4.12,2.898,21386329.162,G2,1273531171442,-2709833.615468187,-4269090.834852306,3874374.9634480677,1212.0169301768997
5,2020-05-14-US-MTV-1,Pixel4,1273531170442,1,6,GPS_L1,1273531170364697850,10310687.381,-11293579.554,21773509.583,2469.807,1200.274,-543.917,-81414.603,-0.002,23304525.365,3.897,0.0,6.615,5.724,23223098.423,G6,1273531171442,-2709833.615468187,-4269090.834852306,3874374.9634480677,1212.0169301768997
6,2020-05-14-US-MTV-1,Pixel4,1273531170442,1,12,GPS_L1,1273531170375382703,-10468094.699,-19012575.138,15182518.041,134.88,-1962.179,-2312.49,35342.139,-0.002,20101287.02,1.799,0.0,3.757,2.513,20136622.889,G12,1273531171442,-2709833.615468187,-4269090.834852306,3874374.9634480677,1212.0169301768997
7,2020-05-14-US-MTV-1,Pixel4,1273531170442,1,24,GPS_L1,1273531170361666099,-20566791.023,-14945136.766,-8502718.816,1080.934,114.201,-2845.897,-3907.983,0.001,24213421.449,13.79,0.0,9.373,8.367,24209495.726000004,G24,1273531171442,-2709833.615468187,-4269090.834852306,3874374.9634480677,1212.0169301768997
0,2020-05-14-US-MTV-1,Pixel4,1273531171442,1,5,GPS_L1,1273531171368499823,-1620077.404,-26318897.883,1958247.359,354.345,227.741,3156.312,-3794.098,-0.001,22164722.534,1.799,0.0,5.987,4.222,22160918.227,G5,1273531172442,-2709833.617070238,-4269090.840290997,3874374.956382396,1211.7609782532882
1,2020-05-14-US-MTV-1,Pixel4,1273531171442,1,25,GPS_L1,1273531171373465546,-14666353.58,-8982937.052,20070664.822,-118.471,-2592.395,-1206.182,1223.846,0.0,20676036.23,2.998,0.0,4.116,2.856,20677253.104000002,G25,1273531172442,-2709833.617070238,-4269090.840290997,3874374.956382396,1211.7609782532882
2,2020-05-14-US-MTV-1,Pixel4,1273531171442,1,29,GPS_L1,1273531171366985962,-21249719.579,401344.599,15898860.098,1663.829,-1155.612,2244.456,-31301.332,-0.003,22618566.644,1.799,0.0,6.299,4.663,22587254.350000005,G29,1273531172442,-2709833.617070238,-4269090.840290997,3874374.956382396,1211.7609782532882
3,2020-05-14-US-MTV-1,Pixel4,1273531171442,1,2,GPS_L1,1273531171370639187,-1654677.913,-16656128.278,21275115.259,2405.07,865.266,886.07,-136679.998,0.0,21523357.342,5.696,0.0,4.12,2.898,21386670.326,G2,1273531172442,-2709833.617070238,-4269090.840290997,3874374.956382396,1211.7609782532882
4,2020-05-14-US-MTV-1,Pixel4,1273531171442,1,6,GPS_L1,1273531171364695846,10313157.189,-11292379.374,21772965.437,2469.819,1200.092,-544.378,-81414.605,-0.002,23305126.149,5.096,0.0,6.615,5.725,23223699.204,G6,1273531172442,-2709833.617070238,-4269090.840290997,3874374.956382396,1211.7609782532882
5,2020-05-14-US-MTV-1,Pixel4,1273531171442,1,12,GPS_L1,1273531171375382405,-10467959.878,-19014537.173,15180205.388,134.763,-1961.892,-2312.816,35342.137,-0.002,20101376.359,1.799,0.0,3.757,2.513,20136712.226,G12,1273531172442,-2709833.617070238,-4269090.840290997,3874374.956382396,1211.7609782532882
6,2020-05-14-US-MTV-1,Pixel4,1273531171442,1,24,GPS_L1,1273531171361664079,-20565709.924,-14945022.53,-8505564.619,1081.267,114.273,-2845.721,-3907.982,0.001,24214027.03,10.493,0.0,9.375,8.369,24210101.304,G24,1273531172442,-2709833.617070238,-4269090.840290997,3874374.956382396,1211.7609782532882
0,2020-05-14-US-MTV-1,Pixel4,1273531172442,1,5,GPS_L1,1273531172368501444,-1619723.028,-26318669.953,1961403.656,354.405,228.117,3156.27,-3794.099,-0.001,22164236.57,1.799,0.0,5.986,4.222,22160432.263,G5,1273531173442,-2709833.61393198,-4269090.8330249945,3874374.950142786,1211.7794008430446
1,2020-05-14-US-MTV-1,Pixel4,1273531172442,1,25,GPS_L1,1273531172373466506,-14666472.121,-8985529.367,20069458.422,-118.61,-2592.232,-1206.616,1223.847,0.0,20675748.429,2.998,0.0,4.116,2.855,20676965.305,G25,1273531173442,-2709833.61393198,-4269090.8330249945,3874374.950142786,1211.7794008430446
2,2020-05-14-US-MTV-1,Pixel4,1273531172442,1,29,GPS_L1,1273531172366987329,-21248055.662,400188.86,15901104.387,1664.0,-1155.861,2244.117,-31301.335,-0.003,22618156.828,1.799,0.0,6.298,4.662,22586844.533,G29,1273531173442,-2709833.61393198,-4269090.8330249945,3874374.950142786,1211.7794008430446
3,2020-05-14-US-MTV-1,Pixel4,1273531172442,1,2,GPS_L1,1273531172370638077,-1652272.77,-16655263.066,21276001.114,2405.221,865.161,885.643,-136679.998,0.0,21523690.111,6.296,0.0,4.12,2.899,21387003.094,G2,1273531173442,-2709833.61393198,-4269090.8330249945,3874374.950142786,1211.7794008430446
4,2020-05-14-US-MTV-1,Pixel4,1273531172442,1,6,GPS_L1,1273531172364693839,10315627.009,-11291179.375,21772420.829,2469.83,1199.911,-544.838,-81414.607,-0.002,23305727.832,5.696,0.0,6.616,5.727,23224300.881999996,G6,1273531173442,-2709833.61393198,-4269090.8330249945,3874374.950142786,1211.7794008430446
5,2020-05-14-US-MTV-1,Pixel4,1273531172442,1,12,GPS_L1,1273531172375382118,-10467825.175,-19016498.921,15177892.41,134.645,-1961.605,-2313.142,35342.135,-0.002,20101462.399,1.799,0.0,3.757,2.513,20136798.264000002,G12,1273531173442,-2709833.61393198,-4269090.8330249945,3874374.950142786,1211.7794008430446
6,2020-05-14-US-MTV-1,Pixel4,1273531172442,1,24,GPS_L1,1273531172361661956,-20564628.492,-14944908.222,-8508410.246,1081.6,114.345,-2845.545,-3907.982,0.001,24214663.489,11.992,0.0,9.376,8.372,24210737.759,G24,1273531173442,-2709833.61393198,-4269090.8330249945,3874374.950142786,1211.7794008430446
0,2020-05-14-US-MTV-1,Pixel4,1273531173442,1,5,GPS_L1,1273531173368503059,-1619368.593,-26318441.647,1964559.909,354.465,228.493,3156.228,-3794.099,-0.001,22163752.405,2.099,0.0,5.985,4.221,22159948.1,G5,1273531174442,-2709833.615537618,-4269090.832656185,3874374.9494309467,1209.4818816928391
1,2020-05-14-US-MTV-1,Pixel4,1273531173442,1,25,GPS_L1,1273531173373467469,-14666590.801,-8988121.519,20068251.588,-118.75,-2592.068,-1207.049,1223.847,0.0,20675459.729,3.298,0.0,4.116,2.855,20676676.604999997,G25,1273531174442,-2709833.615537618,-4269090.832656185,3874374.9494309467,1209.4818816928391
2,2020-05-14-US-MTV-1,Pixel4,1273531173442,1,29,GPS_L1,1273531173366988698,-21246391.573,399032.872,15903348.338,1664.172,-1156.11,2243.778,-31301.338,-0.003,22617746.412,1.799,0.0,6.297,4.661,22586434.116000004,G29,1273531174442,-2709833.615537618,-4269090.832656185,3874374.9494309467,1209.4818816928391
3,2020-05-14-US-MTV-1,Pixel4,1273531173442,1,2,GPS_L1,1273531173370636986,-1649867.477,-16654397.959,21276886.542,2405.371,865.056,885.215,-136679.998,0.0,21524017.185,8.094,0.0,4.121,2.899,21387330.167,G2,1273531174442,-2709833.615537618,-4269090.832656185,3874374.9494309467,1209.4818816928391
4,2020-05-14-US-MTV-1,Pixel4,1273531173442,1,6,GPS_L1,1273531173364691853,10318096.84,-11289979.558,21771875.761,2469.842,1199.73,-545.299,-81414.609,-0.002,23306323.22,5.696,0.0,6.617,5.728,23224896.266,G6,1273531174442,-2709833.615537618,-4269090.832656185,3874374.9494309467,1209.4818816928391
5,2020-05-14-US-MTV-1,Pixel4,1273531173442,1,12,GPS_L1,1273531173375381832,-10467690.588,-19018460.381,15175579.105,134.528,-1961.318,-2313.467,35342.134,-0.002,20101548.14,1.799,0.0,3.757,2.513,20136884.004,G12,1273531174442,-2709833.615537618,-4269090.832656185,3874374.9494309467,1209.4818816928391
6,2020-05-14-US-MTV-1,Pixel4,1273531173442,1,24,GPS_L1,1273531173361659924,-20563546.727,-14944793.841,-8511255.696,1081.933,114.417,-2845.369,-3907.981,0.001,24215272.667,11.992,0.0,9.377,8.375,24211346.934,G24,1273531174442,-2709833.615537618,-4269090.832656185,3874374.9494309467,1209.4818816928391
0,2020-05-14-US-MTV-1,Pixel4,1273531174442,1,5,GPS_L1,1273531174368504674,-1619014.098,-26318212.964,1967716.121,354.524,228.869,3156.185,-3794.1,-0.001,22163268.241,2.099,0.0,5.985,4.221,22159463.935,G5,1273531175442,-2709833.617039612,-4269090.83261813,3874374.948429097,1207.1473883177766
1,2020-05-14-US-MTV-1,Pixel4,1273531174442,1,25,GPS_L1,1273531174373468410,-14666709.621,-8990713.507,20067044.32,-118.889,-2591.905,-1207.482,1223.847,0.0,20675177.624,3.598,0.0,4.116,2.855,20676394.5,G25,1273531175442,-2709833.617039612,-4269090.83261813,3874374.948429097,1207.1473883177766
2,2020-05-14-US-MTV-1,Pixel4,1273531174442,1,29,GPS_L1,1273531174366990072,-21244727.313,397876.635,15905591.949,1664.343,-1156.359,2243.439,-31301.341,-0.003,22617334.497,2.099,0.0,6.297,4.661,22586022.198000006,G29,1273531175442,-2709833.617039612,-4269090.83261813,3874374.948429097,1207.1473883177766
3,2020-05-14-US-MTV-1,Pixel4,1273531174442,1,2,GPS_L1,1273531174370635877,-1647462.033,-16653532.957,21277771.542,2405.522,864.951,884.788,-136679.998,0.0,21524349.655,9.294,0.0,4.121,2.899,21387662.637000002,G2,1273531175442,-2709833.617039612,-4269090.83261813,3874374.948429097,1207.1473883177766
4,2020-05-14-US-MTV-1,Pixel4,1273531174442,1,6,GPS_L1,1273531174364689826,10320566.683,-11288779.923,21771330.232,2469.854,1199.548,-545.76,-81414.611,-0.002,23306930.899,3.897,0.0,6.617,5.729,23225503.942,G6,1273531175442,-2709833.617039612,-4269090.83261813,3874374.948429097,1207.1473883177766
5,2020-05-14-US-MTV-1,Pixel4,1273531174442,1,12,GPS_L1,1273531174375381555,-10467556.119,-19020421.554,15173265.476,134.411,-1961.031,-2313.793,35342.132,-0.002,20101631.182,2.398,0.0,3.757,2.513,20136967.044,G12,1273531175442,-2709833.617039612,-4269090.83261813,3874374.948429097,1207.1473883177766
6,2020-05-14-US-MTV-1,Pixel4,1273531174442,1,24,GPS_L1,1273531174361657958,-20562464.63,-14944679.389,-8514100.971,1082.265,114.489,-2845.193,-3907.98,0.001,24215862.059,7.195,0.0,9.379,8.378,24211936.322,G24,1273531175442,-2709833.617039612,-4269090.83261813,3874374.948429097,1207.1473883177766
0,2020-05-14-US-MTV-1,Pixel4,1273531175442,1,5,GPS_L1,1273531175368506295,-1618659.543,-26317983.906,1970872.29,354.584,229.245,3156.143,-3794.101,-0.001,22162782.277,1.799,0.0,5.984,4.22,22158977.972,G5,1273531176442,-2709833.617361901,-4269090.832895315,3874374.9479018087,1206.7496702084418
1,2020-05-14-US-MTV-1,Pixel4,1273531175442,1,25,GPS_L1,1273531175373469357,-14666828.581,-8993305.332,20065836.62,-119.029,-2591.741,-1207.915,1223.848,0.0,20674893.721,3.298,0.0,4.115,2.855,20676110.599000003,G25,1273531176442,-2709833.617361901,-4269090.832895315,3874374.9479018087,1206.7496702084418
2,2020-05-14-US-MTV-1,Pixel4,1273531175442,1,29,GPS_L1,1273531175366991436,-21243062.882,396720.149,15907835.221,1664.514,-1156.609,2243.1,-31301.343,-0.003,22616925.58,2.099,0.0,6.296,4.66,22585613.281,G29,1273531176442,-2709833.617361901,-4269090.832895315,3874374.9479018087,1206.7496702084418
3,2020-05-14-US-MTV-1,Pixel4,1273531175442,1,2,GPS_L1,1273531175370634709,-1645056.438,-16652668.059,21278656.114,2405.672,864.847,884.36,-136679.998,0.0,21524699.812,10.493,0.0,4.121,2.899,21388012.794,G2,1273531176442,-2709833.617361901,-4269090.832895315,3874374.9479018087,1206.7496702084418
4,2020-05-14-US-MTV-1,Pixel4,1273531175442,1,6,GPS_L1,1273531175364687818,10323036.538,-11287580.468,21770784.242,2469.865,1199.367,-546.221,-81414.612,-0.002,23307532.883,3.897,0.0,6.618,5.731,23226105.922000002,G6,1273531176442,-2709833.617361901,-4269090.832895315,3874374.9479018087,1206.7496702084418
5,2020-05-14-US-MTV-1,Pixel4,1273531175442,1,12,GPS_L1,1273531175375381276,-10467421.767,-19022382.44,15170951.52,134.294,-1960.744,-2314.118,35342.131,-0.002,20101714.824,2.398,0.0,3.757,2.513,20137050.685000002,G12,1273531176442,-2709833.617361901,-4269090.832895315,3874374.9479018087,1206.7496702084418
6,2020-05-14-US-MTV-1,Pixel4,1273531175442,1,24,GPS_L1,1273531175361655941,-20561382.199,-14944564.864,-8516946.07,1082.598,114.56,-2845.016,-3907.979,0.001,24216466.741,5.696,0.0,9.38,8.381,24212541.001000002,G24,1273531176442,-2709833.617361901,-4269090.832895315,3874374.9479018087,1206.7496702084418
0,2020-05-14-US-MTV-1,Pixel4,1273531176442,1,5,GPS_L1,1273531176368507900,-1618304.929,-26317754.472,1974028.416,354.644,229.621,3156.1,-3794.101,-0.001,22162301.11,1.799,0.0,5.983,4.219,22158496.807,G5,1273531177442,-2709833.6175181167,-4269090.83314142,3874374.947523918,1205.794909406289
1,2020-05-14-US-MTV-1,Pixel4,1273531176442,1,25,GPS_L1,1273531176373470304,-14666947.68,-8995896.993,20064628.487,-119.168,-2591.577,-1208.348,1223.848,0.0,20674609.817,3.598,0.0,4.115,2.855,20675826.695000004,G25,1273531177442,-2709833.6175181167,-4269090.83314142,3874374.947523918,1205.794909406289
2,2020-05-14-US-MTV-1,Pixel4,1273531176442,1,29,GPS_L1,1273531176366992807,-21241398.28,395563.413,15910078.154,1664.685,-1156.858,2242.761,-31301.346,-0.003,22616514.565,1.799,0.0,6.296,4.659,22585202.264,G29,1273531177442,-2709833.6175181167,-4269090.83314142,3874374.947523918,1205.794909406289
3,2020-05-14-US-MTV-1,Pixel4,1273531176442,1,31,GPS_L1,1273531176358641095,-9580614.453,12156216.429,21575347.01,-2446.852,-1247.928,-338.015,-12714.167,-0.001,25120294.834,13.79,0.0,9.507,21.069,25107550.091000002,G31,1273531177442,-2709833.6175181167,-4269090.83314142,3874374.947523918,1205.794909406289
4,2020-05-14-US-MTV-1,Pixel4,1273531176442,1,2,GPS_L1,1273531176370633619,-1642650.693,-16651803.266,21279540.259,2405.823,864.742,883.933,-136679.998,0.0,21525026.586,9.294,0.0,4.121,2.9,21388339.567,G2,1273531177442,-2709833.6175181167,-4269090.83314142,3874374.947523918,1205.794909406289
5,2020-05-14-US-MTV-1,Pixel4,1273531176442,1,6,GPS_L1,1273531176364685801,10325506.404,-11286381.195,21770237.792,2469.876,1199.185,-546.681,-81414.614,-0.002,23308137.564,4.197,0.0,6.619,5.732,23226710.599,G6,1273531177442,-2709833.6175181167,-4269090.83314142,3874374.947523918,1205.794909406289
6,2020-05-14-US-MTV-1,Pixel4,1273531176442,1,12,GPS_L1,1273531176375380994,-10467287.532,-19024343.039,15168637.239,134.177,-1960.456,-2314.444,35342.129,-0.002,20101799.366,2.099,0.0,3.757,2.513,20137135.225,G12,1273531177442,-2709833.6175181167,-4269090.83314142,3874374.947523918,1205.794909406289
7,2020-05-14-US-MTV-1,Pixel4,1273531176442,1,24,GPS_L1,1273531176361653930,-20560299.436,-14944450.268,-8519790.992,1082.931,114.632,-2844.84,-3907.978,0.001,24217069.623,7.195,0.0,9.381,8.383,24213143.880999997,G24,1273531177442,-2709833.6175181167,-4269090.83314142,3874374.947523918,1205.794909406289
0,2020-05-14-US-MTV-1,Pixel4,1273531177442,1,5,GPS_L1,1273531177368509515,-1617950.254,-26317524.663,1977184.5,354.703,229.997,3156.058,-3794.102,-0.001,22161816.945,1.799,0.0,5.982,4.219,22158012.641999997,G5,1273531178442,-2709833.617550813,-4269090.83319293,3874374.9474448254,1199.6962875007462
1,2020-05-14-US-MTV-1,Pixel4,1273531177442,1,25,GPS_L1,1273531177373471250,-14667066.918,-8998488.491,20063419.92,-119.307,-2591.414,-1208.781,1223.849,0.0,20674326.214,2.698,0.0,4.115,2.854,20675543.094000004,G25,1273531178442,-2709833.617550813,-4269090.83319293,3874374.9474448254,1199.6962875007462
2,2020-05-14-US-MTV-1,Pixel4,1273531177442,1,29,GPS_L1,1273531177366994179,-21239733.507,394406.429,15912320.747,1664.856,-1157.107,2242.421,-31301.349,-0.003,22616103.249,1.799,0.0,6.295,4.659,22584790.946,G29,1273531178442,-2709833.617550813,-4269090.83319293,3874374.9474448254,1199.6962875007462
3,2020-05-14-US-MTV-1,Pixel4,1273531177442,1,2,GPS_L1,1273531177370632514,-1640244.798,-16650938.578,21280423.977,2405.973,864.637,883.505,-136679.998,0.0,21525357.857,6.296,0.0,4.121,2.9,21388670.838000003,G2,1273531178442,-2709833.617550813,-4269090.83319293,3874374.9474448254,1199.6962875007462
4,2020-05-14-US-MTV-1,Pixel4,1273531177442,1,6,GPS_L1,1273531177364683822,10327976.281,-11285182.104,21769690.881,2469.888,1199.004,-547.142,-81414.616,-0.002,23308730.853,4.197,0.0,6.619,5.734,23227303.884,G6,1273531178442,-2709833.617550813,-4269090.83319293,3874374.9474448254,1199.6962875007462
5,2020-05-14-US-MTV-1,Pixel4,1273531177442,1,12,GPS_L1,1273531177375380711,-10467153.414,-19026303.35,15166322.633,134.06,-1960.169,-2314.769,35342.127,-0.002,20101884.207,2.099,0.0,3.757,2.513,20137220.064,G12,1273531178442,-2709833.617550813,-4269090.83319293,3874374.9474448254,1199.6962875007462
6,2020-05-14-US-MTV-1,Pixel4,1273531177442,1,24,GPS_L1,1273531177361651833,-20559216.34,-14944335.6,-8522635.738,1083.264,114.704,-2844.664,-3907.978,0.001,24217698.288,5.096,0.0,9.383,8.386,24213772.540999997,G24,1273531178442,-2709833.617550813,-4269090.83319293,3874374.9474448254,1199.6962875007462
0,2020-05-14-US-MTV-1,Pixel4,1273531178442,1,5,GPS_L1,1273531178368511104,-1617595.52,-26317294.477,1980340.541,354.763,230.372,3156.015,-3794.103,-0.001,22161340.575,1.799,0.0,5.982,4.218,22157536.272,G5,1273531179442,-2709833.6176774795,-4269090.833112528,3874374.9474448254,1206.1245934183833
1,2020-05-14-US-MTV-1,Pixel4,1273531178442,1,25,GPS_L1,1273531178373472212,-14667186.296,-9001079.825,20062210.92,-119.447,-2591.25,-1209.215,1223.849,0.0,20674037.813,2.698,0.0,4.114,2.854,20675254.694000002,G25,1273531179442,-2709833.6176774795,-4269090.833112528,3874374.9474448254,1206.1245934183833
2,2020-05-14-US-MTV-1,Pixel4,1273531178442,1,29,GPS_L1,1273531178366995547,-21238068.562,393249.195,15914563.002,1665.027,-1157.356,2242.082,-31301.352,-0.003,22615693.133,1.799,0.0,6.294,4.658,22584380.829,G29,1273531179442,-2709833.6176774795,-4269090.833112528,3874374.9474448254,1206.1245934183833
3,2020-05-14-US-MTV-1,Pixel4,1273531178442,1,31,GPS_L1,1273531178358643678,-9585508.222,12153720.895,21574670.06,-2446.91,-1247.603,-338.934,-12714.169,-0.001,25119520.47,11.992,0.0,9.506,21.046,25106775.748999998,G31,1273531179442,-2709833.6176774795,-4269090.833112528,3874374.9474448254,1206.1245934183833
4,2020-05-14-US-MTV-1,Pixel4,1273531178442,1,2,GPS_L1,1273531178370631385,-1637838.752,-16650073.996,21281307.267,2406.123,864.532,883.077,-136679.998,0.0,21525696.322,5.696,0.0,4.122,2.9,21389009.302,G2,1273531179442,-2709833.6176774795,-4269090.833112528,3874374.9474448254,1206.1245934183833
5,2020-05-14-US-MTV-1,Pixel4,1273531178442,1,6,GPS_L1,1273531178364681834,10330446.169,-11283983.194,21769143.509,2469.899,1198.822,-547.603,-81414.618,-0.002,23309326.841,3.897,0.0,6.62,5.735,23227899.867999997,G6,1273531179442,-2709833.6176774795,-4269090.833112528,3874374.9474448254,1206.1245934183833
6,2020-05-14-US-MTV-1,Pixel4,1273531178442,1,12,GPS_L1,1273531178375380422,-10467019.413,-19028263.375,15164007.702,133.943,-1959.882,-2315.095,35342.126,-0.002,20101970.847,2.099,0.0,3.757,2.513,20137306.702999998,G12,1273531179442,-2709833.6176774795,-4269090.833112528,3874374.9474448254,1206.1245934183833
7,2020-05-14-US-MTV-1,Pixel4,1273531178442,1,24,GPS_L1,1273531178361649809,-20558132.912,-14944220.861,-8525480.308,1083.597,114.776,-2844.487,-3907.977,0.001,24218305.068,4.197,0.0,9.384,8.389,24214379.318,G24,1273531179442,-2709833.6176774795,-4269090.833112528,3874374.9474448254,1206.1245934183833
0,2020-05-14-US-MTV-1,Pixel4,1273531179442,1,5,GPS_L1,1273531179368512726,-1617240.726,-26317063.916,1983496.54,354.823,230.748,3155.972,-3794.103,-0.001,22160854.312,1.799,0.0,5.981,4.218,22157050.01,G5,1273531180442,-2709833.6177029097,-4269090.83315259,3874374.947383308,1199.157157500664
1,2020-05-14-US-MTV-1,Pixel4,1273531179442,1,25,GPS_L1,1273531179373473169,-14667305.813,-9003670.995,20061001.488,-119.586,-2591.086,-1209.648,1223.85,0.0,20673750.912,2.998,0.0,4.114,2.854,20674967.794000003,G25,1273531180442,-2709833.6177029097,-4269090.83315259,3874374.947383308,1199.157157500664
2,2020-05-14-US-MTV-1,Pixel4,1273531179442,1,29,GPS_L1,1273531179366996913,-21236403.447,392091.712,15916804.917,1665.198,-1157.605,2241.743,-31301.354,-0.003,22615283.617,1.799,0.0,6.294,4.658,22583971.311,G29,1273531180442,-2709833.6177029097,-4269090.83315259,3874374.947383308,1199.157157500664
3,2020-05-14-US-MTV-1,Pixel4,1273531179442,1,2,GPS_L1,1273531179370630249,-1635432.556,-16649209.518,21282190.129,2406.273,864.427,882.65,-136679.998,0.0,21526036.887,5.096,0.0,4.122,2.9,21389349.867,G2,1273531180442,-2709833.6177029097,-4269090.83315259,3874374.947383308,1199.157157500664
4,2020-05-14-US-MTV-1,Pixel4,1273531179442,1,6,GPS_L1,1273531179364679816,10332916.069,-11282784.465,21768595.677,2469.91,1198.641,-548.063,-81414.62,-0.002,23309931.822,5.096,0.0,6.621,5.736,23228504.845,G6,1273531180442,-2709833.6177029097,-4269090.83315259,3874374.947383308,1199.157157500664
5,2020-05-14-US-MTV-1,Pixel4,1273531179442,1,12,GPS_L1,1273531179375380125,-10466885.53,-19030223.111,15161692.445,133.826,-1959.594,-2315.42,35342.124,-0.002,20102059.885,2.099,0.0,3.757,2.513,20137395.739000004,G12,1273531180442,-2709833.6177029097,-4269090.83315259,3874374.947383308,1199.157157500664
6,2020-05-14-US-MTV-1,Pixel4,1273531179442,1,24,GPS_L1,1273531179361647824,-20557049.15,-14944106.049,-8528324.701,1083.929,114.848,-2844.311,-3907.976,0.001,24218900.156,5.096,0.0,9.385,8.392,24214974.402999997,G24,1273531180442,-2709833.6177029097,-4269090.83315259,3874374.947383308,1199.157157500664
0,2020-05-14-US-MTV-1,Pixel4,1273531180442,1,5,GPS_L1,1273531180368514323,-1616885.872,-26316832.978,1986652.496,354.883,231.124,3155.929,-3794.104,-0.001,22160375.543,1.499,0.0,5.98,4.217,22156571.242000002,G5,1273531181442,-2709833.6176774795,-4269090.833112528,3874374.9474448254,1205.403591764168
1,2020-05-14-US-MTV-1,Pixel4,1273531180442,1,19,GPS_L1,1273531180358767411,18334012.719,-16875568.618,8865883.234,1119.886,-384.732,-2950.183,-47594.461,0.001,25082426.25,9.294,0.0,9.863,22.41,25034799.516,G19,1273531181442,-2709833.6176774795,-4269090.833112528,3874374.9474448254,1205.403591764168
2,2020-05-14-US-MTV-1,Pixel4,1273531180442,1,25,GPS_L1,1273531180373474120,-14667425.47,-9006262.001,20059791.622,-119.725,-2590.922,-1210.081,1223.85,0.0,20673465.809,2.998,0.0,4.114,2.854,20674682.691000003,G25,1273531181442,-2709833.6176774795,-4269090.833112528,3874374.9474448254,1205.403591764168
3,2020-05-14-US-MTV-1,Pixel4,1273531180442,1,29,GPS_L1,1273531180366998284,-21234738.161,390933.98,15919046.493,1665.369,-1157.854,2241.403,-31301.357,-0.003,22614872.601,1.499,0.0,6.293,4.657,22583560.293999996,G29,1273531181442,-2709833.6176774795,-4269090.833112528,3874374.9474448254,1205.403591764168
4,2020-05-14-US-MTV-1,Pixel4,1273531180442,1,31,GPS_L1,1273531180358646149,-9590402.107,12151226.012,21573991.273,-2446.968,-1247.277,-339.852,-12714.17,-0.001,25118779.683,9.294,0.0,9.506,21.024,25106034.982999995,G31,1273531181442,-2709833.6176774795,-4269090.833112528,3874374.9474448254,1205.403591764168
5,2020-05-14-US-MTV-1,Pixel4,1273531180442,1,2,GPS_L1,1273531180370629076,-1633026.21,-16648345.145,21283072.564,2406.424,864.322,882.222,-136679.998,0.0,21526388.543,4.797,0.0,4.122,2.9,21389701.523000002,G2,1273531181442,-2709833.6176774795,-4269090.833112528,3874374.9474448254,1205.403591764168
6,2020-05-14-US-MTV-1,Pixel4,1273531180442,1,6,GPS_L1,1273531180364677821,10335385.98,-11281585.918,21768047.384,2469.921,1198.459,-548.524,-81414.622,-0.002,23310529.908,5.696,0.0,6.621,5.738,23229102.926999997,G6,1273531181442,-2709833.6176774795,-4269090.833112528,3874374.9474448254,1205.403591764168
7,2020-05-14-US-MTV-1,Pixel4,1273531180442,1,12,GPS_L1,1273531180375379853,-10466751.763,-19032182.56,15159376.863,133.709,-1959.307,-2315.745,35342.122,-0.002,20102141.429,2.698,0.0,3.757,2.514,20137477.280000005,G12,1273531181442,-2709833.6176774795,-4269090.833112528,3874374.9474448254,1205.403591764168
8,2020-05-14-US-MTV-1,Pixel4,1273531180442,1,24,GPS_L1,1273531180361645777,-20555965.056,-14943991.166,-8531168.918,1084.262,114.919,-2844.134,-3907.975,0.001,24219513.831,3.598,0.0,9.387,8.395,24215588.074,G24,1273531181442,-2709833.6176774795,-4269090.833112528,3874374.9474448254,1205.403591764168
0,2020-05-14-US-MTV-1,Pixel4,1273531181442,1,5,GPS_L1,1273531181368515939,-1616530.959,-26316601.665,1989808.409,354.943,231.5,3155.886,-3794.105,-0.001,22159891.079,1.499,0.0,5.979,4.216,22156086.779000003,G5,1273531182442,-2709833.6175435474,-4269090.833181483,3874374.947462402,1206.0012991657657
1,2020-05-14-US-MTV-1,Pixel4,1273531181442,1,19,GPS_L1,1273531181358765635,18335132.425,-16875953.294,8862932.96,1119.532,-384.622,-2950.374,-47594.46,0.001,25082958.681,8.094,0.0,9.863,22.426,25035331.932,G19,1273531182442,-2709833.6175435474,-4269090.833181483,3874374.947462402,1206.0012991657657
2,2020-05-14-US-MTV-1,Pixel4,1273531181442,1,25,GPS_L1,1273531181373475077,-14667545.265,-9008852.843,20058581.323,-119.865,-2590.758,-1210.514,1223.851,0.0,20673178.908,2.099,0.0,4.114,2.854,20674395.791,G25,1273531182442,-2709833.6175435474,-4269090.833181483,3874374.947462402,1206.0012991657657
3,2020-05-14-US-MTV-1,Pixel4,1273531181442,1,29,GPS_L1,1273531181366999653,-21233072.704,389775.999,15921287.729,1665.54,-1158.103,2241.064,-31301.36,-0.003,22614462.186,1.499,0.0,6.292,4.656,22583149.878000002,G29,1273531182442,-2709833.6175435474,-4269090.833181483,3874374.947462402,1206.0012991657657
4,2020-05-14-US-MTV-1,Pixel4,1273531181442,1,31,GPS_L1,1273531181358647433,-9592849.092,12149978.815,21573651.191,-2446.997,-1247.114,-340.312,-12714.171,-0.001,25118394.749,6.296,0.0,9.506,21.013,25105650.059,G31,1273531182442,-2709833.6175435474,-4269090.833181483,3874374.947462402,1206.0012991657657
5,2020-05-14-US-MTV-1,Pixel4,1273531181442,1,2,GPS_L1,1273531181370627981,-1630619.713,-16647480.877,21283954.571,2406.574,864.217,881.795,-136679.998,0.0,21526716.816,6.296,0.0,4.122,2.901,21390029.794999998,G2,1273531182442,-2709833.6175435474,-4269090.833181483,3874374.947462402,1206.0012991657657
6,2020-05-14-US-MTV-1,Pixel4,1273531181442,1,6,GPS_L1,1273531181364675811,10337855.902,-11280387.553,21767498.63,2469.932,1198.278,-548.984,-81414.624,-0.002,23311132.491,3.298,0.0,6.622,5.739,23229705.505999997,G6,1273531182442,-2709833.6175435474,-4269090.833181483,3874374.947462402,1206.0012991657657
7,2020-05-14-US-MTV-1,Pixel4,1273531181442,1,12,GPS_L1,1273531181375379556,-10466618.113,-19034141.722,15157060.955,133.592,-1959.019,-2316.07,35342.121,-0.002,20102230.467,3.298,0.0,3.757,2.514,20137566.317,G12,1273531182442,-2709833.6175435474,-4269090.833181483,3874374.947462402,1206.0012991657657
8,2020-05-14-US-MTV-1,Pixel4,1273531181442,1,24,GPS_L1,1273531181361643792,-20554880.629,-14943876.211,-8534012.958,1084.595,114.991,-2843.958,-3907.974,0.001,24220108.919,4.197,0.0,9.388,8.397,24216183.16,G24,1273531182442,-2709833.6175435474,-4269090.833181483,3874374.947462402,1206.0012991657657
0,2020-05-14-US-MTV-1,Pixel4,1273531182442,1,5,GPS_L1,1273531182368517549,-1616175.985,-26316369.977,1992964.279,355.003,231.876,3155.843,-3794.105,-0.001,22159408.413,1.499,0.0,5.978,4.216,22155604.114,G5,1273531183442,-2709833.617288063,-4269090.833207154,3874374.9476118,1204.7211489940794
1,2020-05-14-US-MTV-1,Pixel4,1273531182442,1,19,GPS_L1,1273531182358763809,18336251.778,-16876337.86,8859982.496,1119.179,-384.511,-2950.565,-47594.459,0.001,25083506.102,6.296,0.0,9.864,22.441,25035879.338000003,G19,1273531183442,-2709833.617288063,-4269090.833207154,3874374.9476118,1204.7211489940794
2,2020-05-14-US-MTV-1,Pixel4,1273531182442,1,25,GPS_L1,1273531182373476018,-14667665.2,-9011443.521,20057370.591,-120.004,-2590.594,-1210.947,1223.851,0.0,20672896.803,1.799,0.0,4.113,2.853,20674113.687999997,G25,1273531183442,-2709833.617288063,-4269090.833207154,3874374.9476118,1204.7211489940794
3,2020-05-14-US-MTV-1,Pixel4,1273531182442,1,29,GPS_L1,1273531182367001021,-21231407.076,388617.769,15923528.626,1665.711,-1158.352,2240.725,-31301.362,-0.003,22614052.069,1.499,0.0,6.292,4.656,22582739.759,G29,1273531183442,-2709833.617288063,-4269090.833207154,3874374.9476118,1204.7211489940794
4,2020-05-14-US-MTV-1,Pixel4,1273531182442,1,31,GPS_L1,1273531182358648824,-9595296.107,12148731.78,21573310.649,-2447.025,-1246.951,-340.771,-12714.172,-0.001,25117977.738,5.096,0.0,9.505,21.001,25105233.060000006,G31,1273531183442,-2709833.617288063,-4269090.833207154,3874374.9476118,1204.7211489940794
5,2020-05-14-US-MTV-1,Pixel4,1273531182442,1,2,GPS_L1,1273531182370626839,-1628213.067,-16646616.714,21284836.15,2406.724,864.112,881.367,-136679.998,0.0,21527059.179,7.195,0.0,4.123,2.901,21390372.157,G2,1273531183442,-2709833.617288063,-4269090.833207154,3874374.9476118,1204.7211489940794
6,2020-05-14-US-MTV-1,Pixel4,1273531182442,1,6,GPS_L1,1273531182364673808,10340325.835,-11279189.369,21766949.416,2469.943,1198.096,-549.445,-81414.626,-0.002,23311732.975,2.998,0.0,6.623,5.74,23230305.986000005,G6,1273531183442,-2709833.617288063,-4269090.833207154,3874374.9476118,1204.7211489940794
7,2020-05-14-US-MTV-1,Pixel4,1273531182442,1,12,GPS_L1,1273531182375379253,-10466484.58,-19036100.596,15154744.723,133.475,-1958.732,-2316.395,35342.119,-0.002,20102321.304,2.698,0.0,3.757,2.514,20137657.152000003,G12,1273531183442,-2709833.617288063,-4269090.833207154,3874374.9476118,1204.7211489940794
8,2020-05-14-US-MTV-1,Pixel4,1273531182442,1,24,GPS_L1,1273531182361641723,-20553795.869,-14943761.185,-8536856.821,1084.928,115.062,-2843.781,-3907.974,0.001,24220729.19,6.296,0.0,9.389,8.4,24216803.427000005,G24,1273531183442,-2709833.617288063,-4269090.833207154,3874374.9476118,1204.7211489940794
0,2020-05-14-US-MTV-1,Pixel4,1273531183442,1,5,GPS_L1,1273531183368519156,-1615820.951,-26316137.912,1996120.106,355.063,232.251,3155.8,-3794.106,-0.001,22158926.646,1.799,0.0,5.978,4.215,22155122.347000003,G5,1273531184442,-2709833.6172359064,-4269090.833240261,3874374.9476118,1208.3992784885554
1,2020-05-14-US-MTV-1,Pixel4,1273531183442,1,19,GPS_L1,1273531183358761983,18337370.778,-16876722.315,8857031.841,1118.825,-384.4,-2950.756,-47594.458,0.001,25084053.523,8.094,0.0,9.865,22.457,25036426.743,G19,1273531184442,-2709833.6172359064,-4269090.833240261,3874374.9476118,1208.3992784885554
2,2020-05-14-US-MTV-1,Pixel4,1273531183442,1,25,GPS_L1,1273531183373476960,-14667785.275,-9014034.035,20056159.427,-120.143,-2590.43,-1211.379,1223.851,0.0,20672614.399,1.799,0.0,4.113,2.853,20673831.283999998,G25,1273531184442,-2709833.6172359064,-4269090.833240261,3874374.9476118,1208.3992784885554
3,2020-05-14-US-MTV-1,Pixel4,1273531183442,1,29,GPS_L1,1273531183367002372,-21229741.277,387459.29,15925769.184,1665.882,-1158.602,2240.385,-31301.365,-0.003,22613647.05,1.799,0.0,6.291,4.655,22582334.739,G29,1273531184442,-2709833.6172359064,-4269090.833240261,3874374.9476118,1208.3992784885554
4,2020-05-14-US-MTV-1,Pixel4,1273531183442,1,31,GPS_L1,1273531183358650140,-9597743.149,12147484.909,21572969.648,-2447.054,-1246.788,-341.23,-12714.173,-0.001,25117583.211,7.195,0.0,9.505,20.99,25104838.543,G31,1273531184442,-2709833.6172359064,-4269090.833240261,3874374.9476118,1208.3992784885554
5,2020-05-14-US-MTV-1,Pixel4,1273531183442,1,2,GPS_L1,1273531183370625761,-1625806.27,-16645752.656,21285717.301,2406.874,864.007,880.939,-136679.998,0.0,21527382.355,8.094,0.0,4.123,2.901,21390695.333,G2,1273531184442,-2709833.6172359064,-4269090.833240261,3874374.9476118,1208.3992784885554
6,2020-05-14-US-MTV-1,Pixel4,1273531183442,1,6,GPS_L1,1273531183364671789,10342795.779,-11277991.367,21766399.741,2469.954,1197.915,-549.906,-81414.627,-0.002,23312338.256,3.298,0.0,6.624,5.742,23230911.263,G6,1273531184442,-2709833.6172359064,-4269090.833240261,3874374.9476118,1208.3992784885554
7,2020-05-14-US-MTV-1,Pixel4,1273531183442,1,12,GPS_L1,1273531183375378951,-10466351.163,-19038059.183,15152428.165,133.358,-1958.444,-2316.72,35342.118,-0.002,20102411.842,2.998,0.0,3.757,2.514,20137747.689000003,G12,1273531184442,-2709833.6172359064,-4269090.833240261,3874374.9476118,1208.3992784885554
8,2020-05-14-US-MTV-1,Pixel4,1273531183442,1,24,GPS_L1,1273531183361639722,-20552710.776,-14943646.087,-8539700.508,1085.261,115.134,-2843.604,-3907.973,0.001,24221329.075,10.493,0.0,9.391,8.403,24217403.308,G24,1273531184442,-2709833.6172359064,-4269090.833240261,3874374.9476118,1208.3992784885554
0,2020-05-14-US-MTV-1,Pixel4,1273531184442,1,5,GPS_L1,1273531184368520767,-1615465.857,-26315905.472,1999275.89,355.123,232.627,3155.757,-3794.107,-0.001,22158443.681,1.799,0.0,5.977,4.214,22154639.382999998,G5,1273531185442,-2709833.6172104757,-4269090.833200198,3874374.947673317,1201.4418071218288
1,2020-05-14-US-MTV-1,Pixel4,1273531184442,1,19,GPS_L1,1273531184358760206,18338489.423,-16877106.659,8854080.995,1118.472,-384.29,-2950.947,-47594.457,0.001,25084586.254,7.195,0.0,9.866,22.472,25036959.459000003,G19,1273531185442,-2709833.6172104757,-4269090.833200198,3874374.947673317,1201.4418071218288
2,2020-05-14-US-MTV-1,Pixel4,1273531184442,1,25,GPS_L1,1273531184373477915,-14667905.488,-9016624.385,20054947.829,-120.282,-2590.266,-1211.812,1223.852,0.0,20672328.097,1.799,0.0,4.113,2.853,20673544.983,G25,1273531185442,-2709833.6172104757,-4269090.833200198,3874374.947673317,1201.4418071218288
3,2020-05-14-US-MTV-1,Pixel4,1273531184442,1,29,GPS_L1,1273531184367003753,-21228075.308,386300.561,15928009.401,1666.052,-1158.851,2240.045,-31301.368,-0.003,22613233.036,1.799,0.0,6.29,4.654,22581920.724,G29,1273531185442,-2709833.6172104757,-4269090.833200198,3874374.947673317,1201.4418071218288
4,2020-05-14-US-MTV-1,Pixel4,1273531184442,1,31,GPS_L1,1273531184358651449,-9600190.22,12146238.201,21572628.188,-2447.082,-1246.625,-341.689,-12714.173,-0.001,25117190.783,7.195,0.0,9.505,20.979,25104446.126000002,G31,1273531185442,-2709833.6172104757,-4269090.833200198,3874374.947673317,1201.4418071218288
5,2020-05-14-US-MTV-1,Pixel4,1273531184442,1,2,GPS_L1,1273531184370624596,-1623399.324,-16644888.703,21286598.025,2407.024,863.902,880.511,-136679.998,0.0,21527731.613,9.294,0.0,4.123,2.901,21391044.591000002,G2,1273531185442,-2709833.6172104757,-4269090.833200198,3874374.947673317,1201.4418071218288
6,2020-05-14-US-MTV-1,Pixel4,1273531184442,1,6,GPS_L1,1273531184364669767,10345265.734,-11276793.546,21765849.606,2469.965,1197.733,-550.366,-81414.629,-0.002,23312944.436,2.998,0.0,6.624,5.743,23231517.439999998,G6,1273531185442,-2709833.6172104757,-4269090.833200198,3874374.947673317,1201.4418071218288
7,2020-05-14-US-MTV-1,Pixel4,1273531184442,1,12,GPS_L1,1273531184375378679,-10466217.864,-19040017.482,15150111.283,133.242,-1958.156,-2317.045,35342.116,-0.002,20102493.385,2.998,0.0,3.757,2.514,20137829.230000004,G12,1273531185442,-2709833.6172104757,-4269090.833200198,3874374.947673317,1201.4418071218288
8,2020-05-14-US-MTV-1,Pixel4,1273531184442,1,24,GPS_L1,1273531184361637757,-20551625.351,-14943530.918,-8542544.019,1085.593,115.205,-2843.428,-3907.972,0.001,24221918.167,8.094,0.0,9.392,8.406,24217992.397,G24,1273531185442,-2709833.6172104757,-4269090.833200198,3874374.947673317,1201.4418071218288
0,2020-05-14-US-MTV-1,Pixel4,1273531185442,1,5,GPS_L1,1273531185368522381,-1615110.702,-26315672.655,2002431.63,355.184,233.003,3155.714,-3794.107,-0.001,22157959.816,1.799,0.0,5.976,4.214,22154155.518999998,G5,1273531186442,-2709833.6172104757,-4269090.833200198,3874374.947673317,1203.0142833663597
1,2020-05-14-US-MTV-1,Pixel4,1273531185442,1,19,GPS_L1,1273531185358758361,18339607.715,-16877490.893,8851129.958,1118.118,-384.179,-2951.137,-47594.455,0.001,25085139.371,6.296,0.0,9.866,22.487,25037512.563,G19,1273531186442,-2709833.6172104757,-4269090.833200198,3874374.947673317,1203.0142833663597
2,2020-05-14-US-MTV-1,Pixel4,1273531185442,1,25,GPS_L1,1273531185373478872,-14668025.841,-9019214.571,20053735.799,-120.422,-2590.102,-1212.245,1223.852,0.0,20672041.196,1.799,0.0,4.113,2.853,20673258.082,G25,1273531186442,-2709833.6172104757,-4269090.833200198,3874374.947673317,1203.0142833663597
3,2020-05-14-US-MTV-1,Pixel4,1273531185442,1,29,GPS_L1,1273531185367005115,-21226409.168,385141.584,15930249.28,1666.223,-1159.1,2239.706,-31301.371,-0.003,22612824.719,1.799,0.0,6.29,4.654,22581512.404000003,G29,1273531186442,-2709833.6172104757,-4269090.833200198,3874374.947673317,1203.0142833663597
4,2020-05-14-US-MTV-1,Pixel4,1273531185442,1,31,GPS_L1,1273531185358652736,-9602637.321,12144991.655,21572286.268,-2447.111,-1246.463,-342.149,-12714.174,-0.001,25116804.95,9.294,0.0,9.505,20.968,25104060.303000003,G31,1273531186442,-2709833.6172104757,-4269090.833200198,3874374.947673317,1203.0142833663597
5,2020-05-14-US-MTV-1,Pixel4,1273531185442,1,2,GPS_L1,1273531185370623483,-1620992.227,-16644024.856,21287478.322,2407.174,863.796,880.084,-136679.998,0.0,21528065.282,8.094,0.0,4.123,2.901,21391378.26,G2,1273531186442,-2709833.6172104757,-4269090.833200198,3874374.947673317,1203.0142833663597
6,2020-05-14-US-MTV-1,Pixel4,1273531185442,1,6,GPS_L1,1273531185364667788,10347735.699,-11275595.907,21765299.01,2469.976,1197.551,-550.827,-81414.631,-0.002,23313537.726,2.998,0.0,6.625,5.745,23232110.724999998,G6,1273531186442,-2709833.6172104757,-4269090.833200198,3874374.947673317,1203.0142833663597
7,2020-05-14-US-MTV-1,Pixel4,1273531185442,1,12,GPS_L1,1273531185375378387,-10466084.681,-19041975.493,15147794.075,133.125,-1957.869,-2317.37,35342.114,-0.002,20102580.925,2.998,0.0,3.757,2.514,20137916.768000003,G12,1273531186442,-2709833.6172104757,-4269090.833200198,3874374.947673317,1203.0142833663597
8,2020-05-14-US-MTV-1,Pixel4,1273531185442,1,24,GPS_L1,1273531185361635725,-20550539.593,-14943415.677,-8545387.352,1085.926,115.277,-2843.251,-3907.971,0.001,24222527.345,5.696,0.0,9.394,8.409,24218601.570999995,G24,1273531186442,-2709833.6172104757,-4269090.833200198,3874374.947673317,1203.0142833663597
0,2020-05-14-US-MTV-1,Pixel4,1273531186442,1,5,GPS_L1,1273531186368523971,-1614755.488,-26315439.463,2005587.328,355.244,233.379,3155.671,-3794.108,-0.001,22157483.146,1.799,0.0,5.975,4.213,22153678.85,G5,1273531187442,-2709833.6172104757,-4269090.833200198,3874374.947673317,1206.77109654044
1,2020-05-14-US-MTV-1,Pixel4,1273531186442,1,19,GPS_L1,1273531186358756543,18340725.653,-16877875.016,8848178.731,1117.764,-384.068,-2951.328,-47594.454,0.001,25085684.394,7.195,0.0,9.867,22.503,25038057.570000004,G19,1273531187442,-2709833.6172104757,-4269090.833200198,3874374.947673317,1206.77109654044
2,2020-05-14-US-MTV-1,Pixel4,1273531186442,1,25,GPS_L1,1273531186373479807,-14668146.333,-9021804.592,20052523.335,-120.561,-2589.937,-1212.678,1223.853,0.0,20671760.89,1.799,0.0,4.112,2.853,20672977.778,G25,1273531187442,-2709833.6172104757,-4269090.833200198,3874374.947673317,1206.77109654044
3,2020-05-14-US-MTV-1,Pixel4,1273531186442,1,29,GPS_L1,1273531186367006475,-21224742.857,383982.357,15932488.819,1666.393,-1159.349,2239.366,-31301.373,-0.003,22612417.001,1.499,0.0,6.289,4.653,22581104.685999997,G29,1273531187442,-2709833.6172104757,-4269090.833200198,3874374.947673317,1206.77109654044
4,2020-05-14-US-MTV-1,Pixel4,1273531186442,1,31,GPS_L1,1273531186358654110,-9605084.449,12143745.272,21571943.889,-2447.139,-1246.3,-342.608,-12714.175,-0.001,25116393.035,8.094,0.0,9.504,20.957,25103648.399,G31,1273531187442,-2709833.6172104757,-4269090.833200198,3874374.947673317,1206.77109654044
5,2020-05-14-US-MTV-1,Pixel4,1273531186442,1,2,GPS_L1,1273531186370622409,-1618584.98,-16643161.113,21288358.19,2407.324,863.691,879.656,-136679.998,0.0,21528387.26,8.094,0.0,4.123,2.902,21391700.237000003,G2,1273531187442,-2709833.6172104757,-4269090.833200198,3874374.947673317,1206.77109654044
6,2020-05-14-US-MTV-1,Pixel4,1273531186442,1,6,GPS_L1,1273531186364665766,10350205.676,-11274398.449,21764747.953,2469.987,1197.37,-551.287,-81414.633,-0.002,23314143.906,2.998,0.0,6.626,5.746,23232716.901,G6,1273531187442,-2709833.6172104757,-4269090.833200198,3874374.947673317,1206.77109654044
7,2020-05-14-US-MTV-1,Pixel4,1273531186442,1,12,GPS_L1,1273531186375378114,-10465951.615,-19043933.217,15145476.542,133.008,-1957.581,-2317.695,35342.113,-0.002,20102662.768,2.998,0.0,3.757,2.514,20137998.610000003,G12,1273531187442,-2709833.6172104757,-4269090.833200198,3874374.947673317,1206.77109654044
8,2020-05-14-US-MTV-1,Pixel4,1273531186442,1,24,GPS_L1,1273531186361633680,-20549453.502,-14943300.365,-8548230.508,1086.259,115.348,-2843.074,-3907.97,0.001,24223140.421,7.195,0.0,9.395,8.412,24219214.644,G24,1273531187442,-2709833.6172104757,-4269090.833200198,3874374.947673317,1206.77109654044
0,2020-05-14-US-MTV-1,Pixel4,1273531187442,1,5,GPS_L1,1273531187368525591,-1614400.213,-26315205.896,2008742.982,355.304,233.754,3155.628,-3794.109,-0.001,22156997.482,1.799,0.0,5.975,4.213,22153193.185,G5,1273531188442,-2709833.6172359064,-4269090.833240261,3874374.9476118,1199.341497772538
1,2020-05-14-US-MTV-1,Pixel4,1273531187442,1,19,GPS_L1,1273531187358754718,18341843.238,-16878259.027,8845227.313,1117.411,-383.957,-2951.519,-47594.453,0.001,25086231.515,7.195,0.0,9.868,22.519,25038604.674999997,G19,1273531188442,-2709833.6172359064,-4269090.833240261,3874374.9476118,1199.341497772538
2,2020-05-14-US-MTV-1,Pixel4,1273531187442,1,25,GPS_L1,1273531187373480753,-14668266.964,-9024394.449,20051310.439,-120.7,-2589.773,-1213.111,1223.853,0.0,20671477.286,1.799,0.0,4.112,2.852,20672694.174999997,G25,1273531188442,-2709833.6172359064,-4269090.833240261,3874374.9476118,1199.341497772538
3,2020-05-14-US-MTV-1,Pixel4,1273531187442,1,29,GPS_L1,1273531187367007843,-21223076.377,382822.881,15934728.018,1666.564,-1159.598,2239.027,-31301.376,-0.003,22612006.885,1.499,0.0,6.288,4.653,22580694.568000004,G29,1273531188442,-2709833.6172359064,-4269090.833240261,3874374.9476118,1199.341497772538
4,2020-05-14-US-MTV-1,Pixel4,1273531187442,1,2,GPS_L1,1273531187370621173,-1616177.584,-16642297.476,21289237.631,2407.474,863.586,879.228,-136679.998,0.0,21528757.803,6.296,0.0,4.124,2.902,21392070.779,G2,1273531188442,-2709833.6172359064,-4269090.833240261,3874374.9476118,1199.341497772538
5,2020-05-14-US-MTV-1,Pixel4,1273531187442,1,6,GPS_L1,1273531187364663755,10352675.663,-11273201.174,21764196.436,2469.997,1197.188,-551.748,-81414.635,-0.002,23314746.789,2.998,0.0,6.626,5.747,23233319.781,G6,1273531188442,-2709833.6172359064,-4269090.833240261,3874374.9476118,1199.341497772538
6,2020-05-14-US-MTV-1,Pixel4,1273531187442,1,12,GPS_L1,1273531187375377833,-10465818.666,-19045890.652,15143158.685,132.891,-1957.293,-2318.02,35342.111,-0.002,20102747.01,2.998,0.0,3.757,2.514,20138082.850000005,G12,1273531188442,-2709833.6172359064,-4269090.833240261,3874374.9476118,1199.341497772538
7,2020-05-14-US-MTV-1,Pixel4,1273531187442,1,24,GPS_L1,1273531187361631640,-20548367.078,-14943184.982,-8551073.488,1086.592,115.419,-2842.897,-3907.97,0.001,24223751.997,9.294,0.0,9.396,8.414,24219826.217,G24,1273531188442,-2709833.6172359064,-4269090.833240261,3874374.9476118,1199.341497772538
0,2020-05-14-US-MTV-1,Pixel4,1273531188442,1,5,GPS_L1,1273531188368527181,-1614044.878,-26314971.952,2011898.593,355.365,234.13,3155.584,-3794.109,-0.001,22156520.812,1.799,0.0,5.974,4.212,22152716.516999997,G5,1273531189442,-2709833.6172359064,-4269090.833240261,3874374.9476118,1203.5127626336864
1,2020-05-14-US-MTV-1,Pixel4,1273531188442,1,19,GPS_L1,1273531188358752864,18342960.469,-16878642.928,8842275.704,1117.057,-383.846,-2951.709,-47594.452,0.001,25086787.33,7.195,0.0,9.868,22.534,25039160.475999996,G19,1273531189442,-2709833.6172359064,-4269090.833240261,3874374.9476118,1203.5127626336864
2,2020-05-14-US-MTV-1,Pixel4,1273531188442,1,25,GPS_L1,1273531188373481701,-14668387.735,-9026984.142,20050097.11,-120.839,-2589.609,-1213.544,1223.854,0.0,20671193.083,1.799,0.0,4.112,2.852,20672409.972999997,G25,1273531189442,-2709833.6172359064,-4269090.833240261,3874374.9476118,1203.5127626336864
3,2020-05-14-US-MTV-1,Pixel4,1273531188442,1,29,GPS_L1,1273531188367009216,-21221409.725,381663.156,15936966.877,1666.734,-1159.847,2238.687,-31301.379,-0.003,22611595.27,1.499,0.0,6.288,4.652,22580282.951,G29,1273531189442,-2709833.6172359064,-4269090.833240261,3874374.9476118,1203.5127626336864
4,2020-05-14-US-MTV-1,Pixel4,1273531188442,1,2,GPS_L1,1273531188370620089,-1613770.038,-16641433.945,21290116.644,2407.623,863.481,878.8,-136679.998,0.0,21529082.778,6.296,0.0,4.124,2.902,21392395.754,G2,1273531189442,-2709833.6172359064,-4269090.833240261,3874374.9476118,1203.5127626336864
5,2020-05-14-US-MTV-1,Pixel4,1273531188442,1,6,GPS_L1,1273531188364661750,10355145.661,-11272004.079,21763644.459,2470.008,1197.006,-552.208,-81414.637,-0.002,23315347.872,3.298,0.0,6.627,5.749,23233920.859,G6,1273531189442,-2709833.6172359064,-4269090.833240261,3874374.9476118,1203.5127626336864
6,2020-05-14-US-MTV-1,Pixel4,1273531188442,1,12,GPS_L1,1273531188375377555,-10465685.833,-19047847.8,15140840.502,132.775,-1957.005,-2318.345,35342.11,-0.002,20102830.352,2.998,0.0,3.757,2.514,20138166.191000003,G12,1273531189442,-2709833.6172359064,-4269090.833240261,3874374.9476118,1203.5127626336864
7,2020-05-14-US-MTV-1,Pixel4,1273531188442,1,24,GPS_L1,1273531188361629662,-20547280.322,-14943069.527,-8553916.291,1086.924,115.49,-2842.72,-3907.969,0.001,24224344.987,9.294,0.0,9.398,8.417,24220419.203,G24,1273531189442,-2709833.6172359064,-4269090.833240261,3874374.9476118,1203.5127626336864
0,2020-05-14-US-MTV-1,Pixel4,1273531189442,1,5,GPS_L1,1273531189368528799,-1613689.482,-26314737.633,2015054.161,355.425,234.506,3155.541,-3794.11,-0.001,22156035.748,1.799,0.0,5.973,4.211,22152231.454,G5,1273531190442,-2709833.6172359064,-4269090.833240261,3874374.9476118,1197.6125992124678
1,2020-05-14-US-MTV-1,Pixel4,1273531189442,1,19,GPS_L1,1273531189358751080,18344077.347,-16879026.718,8839323.904,1116.703,-383.735,-2951.9,-47594.451,0.001,25087322.16,7.195,0.0,9.869,22.55,25039695.29,G19,1273531190442,-2709833.6172359064,-4269090.833240261,3874374.9476118,1197.6125992124678
2,2020-05-14-US-MTV-1,Pixel4,1273531189442,1,25,GPS_L1,1273531189373482650,-14668508.644,-9029573.67,20048883.348,-120.978,-2589.444,-1213.976,1223.854,0.0,20670908.58,1.799,0.0,4.112,2.852,20672125.469999995,G25,1273531190442,-2709833.6172359064,-4269090.833240261,3874374.9476118,1197.6125992124678
3,2020-05-14-US-MTV-1,Pixel4,1273531189442,1,29,GPS_L1,1273531189367010587,-21219742.903,380503.181,15939205.396,1666.904,-1160.097,2238.347,-31301.381,-0.003,22611184.255,1.799,0.0,6.287,4.651,22579871.935999997,G29,1273531190442,-2709833.6172359064,-4269090.833240261,3874374.9476118,1197.6125992124678
4,2020-05-14-US-MTV-1,Pixel4,1273531189442,1,2,GPS_L1,1273531189370618916,-1611362.342,-16640570.518,21290995.229,2407.773,863.375,878.373,-136679.998,0.0,21529434.435,8.094,0.0,4.124,2.902,21392747.411,G2,1273531190442,-2709833.6172359064,-4269090.833240261,3874374.9476118,1197.6125992124678
5,2020-05-14-US-MTV-1,Pixel4,1273531189442,1,6,GPS_L1,1273531189364659731,10357615.669,-11270807.167,21763092.02,2470.018,1196.825,-552.669,-81414.639,-0.002,23315953.153,3.598,0.0,6.628,5.75,23234526.136000004,G6,1273531190442,-2709833.6172359064,-4269090.833240261,3874374.9476118,1197.6125992124678
6,2020-05-14-US-MTV-1,Pixel4,1273531189442,1,12,GPS_L1,1273531189375377248,-10465553.117,-19049804.66,15138521.995,132.658,-1956.717,-2318.67,35342.108,-0.002,20102922.388,2.998,0.0,3.757,2.514,20138258.225,G12,1273531190442,-2709833.6172359064,-4269090.833240261,3874374.9476118,1197.6125992124678
7,2020-05-14-US-MTV-1,Pixel4,1273531189442,1,24,GPS_L1,1273531189361627625,-20546193.233,-14942954.002,-8556758.916,1087.257,115.562,-2842.543,-3907.968,0.001,24224955.664,9.294,0.0,9.399,8.42,24221029.877,G24,1273531190442,-2709833.6172359064,-4269090.833240261,3874374.9476118,1197.6125992124678
0,2020-05-14-US-MTV-1,Pixel4,1273531190442,1,5,GPS_L1,1273531190368530414,-1613334.026,-26314502.939,2018209.685,355.485,234.882,3155.497,-3794.11,-0.001,22155551.583,1.799,0.0,5.972,4.211,22151747.290000003,G5,1273531191442,-2709833.6173029644,-4269090.833197695,3874374.9476118,1202.0005380841199
1,2020-05-14-US-MTV-1,Pixel4,1273531190442,1,19,GPS_L1,1273531190358749314,18345193.871,-16879410.397,8836371.915,1116.35,-383.624,-2952.09,-47594.45,0.001,25087851.594,7.195,0.0,9.87,22.565,25040224.709,G19,1273531191442,-2709833.6173029644,-4269090.833197695,3874374.9476118,1202.0005380841199
2,2020-05-14-US-MTV-1,Pixel4,1273531190442,1,25,GPS_L1,1273531190373483588,-14668629.693,-9032163.034,20047669.154,-121.117,-2589.28,-1214.409,1223.855,0.0,20670627.374,1.799,0.0,4.111,2.852,20671844.266,G25,1273531191442,-2709833.6173029644,-4269090.833197695,3874374.9476118,1202.0005380841199
3,2020-05-14-US-MTV-1,Pixel4,1273531190442,1,29,GPS_L1,1273531190367011958,-21218075.912,379342.958,15941443.576,1667.075,-1160.346,2238.007,-31301.384,-0.003,22610773.239,1.499,0.0,6.286,4.651,22579460.918,G29,1273531191442,-2709833.6173029644,-4269090.833197695,3874374.9476118,1202.0005380841199
4,2020-05-14-US-MTV-1,Pixel4,1273531190442,1,2,GPS_L1,1273531190370617802,-1608954.496,-16639707.197,21291873.386,2407.923,863.27,877.945,-136679.998,0.0,21529768.403,6.296,0.0,4.124,2.903,21393081.378,G2,1273531191442,-2709833.6173029644,-4269090.833197695,3874374.9476118,1202.0005380841199
5,2020-05-14-US-MTV-1,Pixel4,1273531190442,1,6,GPS_L1,1273531190364657707,10360085.688,-11269610.436,21762539.122,2470.029,1196.643,-553.13,-81414.64,-0.002,23316559.933,3.298,0.0,6.628,5.751,23235132.914,G6,1273531191442,-2709833.6173029644,-4269090.833197695,3874374.9476118,1202.0005380841199
6,2020-05-14-US-MTV-1,Pixel4,1273531190442,1,12,GPS_L1,1273531190375376946,-10465420.518,-19051761.232,15136203.164,132.542,-1956.429,-2318.995,35342.106,-0.002,20103012.926,2.998,0.0,3.757,2.514,20138348.761,G12,1273531191442,-2709833.6173029644,-4269090.833197695,3874374.9476118,1202.0005380841199
7,2020-05-14-US-MTV-1,Pixel4,1273531190442,1,24,GPS_L1,1273531190361625534,-20545105.811,-14942838.405,-8559601.365,1087.59,115.633,-2842.366,-3907.967,0.001,24225582.53,7.195,0.0,9.4,8.423,24221656.740000002,G24,1273531191442,-2709833.6173029644,-4269090.833197695,3874374.9476118,1202.0005380841199
0,2020-05-14-US-MTV-1,Pixel4,1273531191442,1,5,GPS_L1,1273531191368532022,-1612978.51,-26314267.868,2021365.166,355.546,235.257,3155.454,-3794.111,-0.001,22155069.516,1.799,0.0,5.972,4.21,22151265.222999997,G5,1273531192442,-2709833.617329691,-4269090.833124525,3874374.947673317,1195.4698968624423
1,2020-05-14-US-MTV-1,Pixel4,1273531191442,1,19,GPS_L1,1273531191358747505,18346310.041,-16879793.965,8833419.734,1115.996,-383.513,-2952.281,-47594.449,0.001,25088393.918,8.094,0.0,9.871,22.581,25040767.017,G19,1273531192442,-2709833.617329691,-4269090.833124525,3874374.947673317,1195.4698968624423
2,2020-05-14-US-MTV-1,Pixel4,1273531191442,1,25,GPS_L1,1273531191373484547,-14668750.88,-9034752.234,20046454.527,-121.256,-2589.115,-1214.842,1223.855,0.0,20670339.873,1.799,0.0,4.111,2.852,20671556.764999997,G25,1273531192442,-2709833.617329691,-4269090.833124525,3874374.947673317,1195.4698968624423
3,2020-05-14-US-MTV-1,Pixel4,1273531191442,1,29,GPS_L1,1273531191367013327,-21216408.749,378182.485,15943681.416,1667.245,-1160.595,2237.667,-31301.387,-0.003,22610362.823,1.499,0.0,6.286,4.65,22579050.500000004,G29,1273531192442,-2709833.617329691,-4269090.833124525,3874374.947673317,1195.4698968624423
4,2020-05-14-US-MTV-1,Pixel4,1273531191442,1,2,GPS_L1,1273531191370616673,-1606546.501,-16638843.981,21292751.116,2408.073,863.165,877.517,-136679.998,0.0,21530106.869,7.195,0.0,4.125,2.903,21393419.843,G2,1273531192442,-2709833.617329691,-4269090.833124525,3874374.947673317,1195.4698968624423
5,2020-05-14-US-MTV-1,Pixel4,1273531191442,1,6,GPS_L1,1273531191364655706,10362555.717,-11268413.887,21761985.763,2470.039,1196.461,-553.59,-81414.642,-0.002,23317159.818,2.998,0.0,6.629,5.753,23235732.794,G6,1273531192442,-2709833.617329691,-4269090.833124525,3874374.947673317,1195.4698968624423
6,2020-05-14-US-MTV-1,Pixel4,1273531191442,1,12,GPS_L1,1273531191375376655,-10465288.035,-19053717.516,15133884.007,132.425,-1956.141,-2319.319,35342.105,-0.002,20103100.165,2.698,0.0,3.757,2.514,20138435.999,G12,1273531192442,-2709833.617329691,-4269090.833124525,3874374.947673317,1195.4698968624423
7,2020-05-14-US-MTV-1,Pixel4,1273531191442,1,24,GPS_L1,1273531191361623622,-20544018.056,-14942722.737,-8562443.637,1087.922,115.704,-2842.189,-3907.967,0.001,24226155.733,8.094,0.0,9.402,8.426,24222229.938,G24,1273531192442,-2709833.617329691,-4269090.833124525,3874374.947673317,1195.4698968624423
0,2020-05-14-US-MTV-1,Pixel4,1273531192442,1,5,GPS_L1,1273531192368533619,-1612622.933,-26314032.422,2024520.603,355.606,235.633,3155.41,-3794.112,-0.001,22154590.748,1.799,0.0,5.971,4.21,22150786.455,G5,1273531193442,-2709833.6174817877,-4269090.833084187,3874374.9476118,1194.9959149967838
1,2020-05-14-US-MTV-1,Pixel4,1273531192442,1,19,GPS_L1,1273531192358745672,18347425.857,-16880177.422,8830467.364,1115.643,-383.402,-2952.471,-47594.448,0.001,25088943.438,8.094,0.0,9.871,22.596,25041316.523000002,G19,1273531193442,-2709833.6174817877,-4269090.833084187,3874374.9476118,1194.9959149967838
2,2020-05-14-US-MTV-1,Pixel4,1273531192442,1,25,GPS_L1,1273531192373485486,-14668872.207,-9037341.268,20045239.467,-121.395,-2588.95,-1215.275,1223.855,0.0,20670058.368,1.499,0.0,4.111,2.851,20671275.261,G25,1273531193442,-2709833.6174817877,-4269090.833084187,3874374.9476118,1194.9959149967838
3,2020-05-14-US-MTV-1,Pixel4,1273531192442,1,29,GPS_L1,1273531192367014696,-21214741.417,377021.763,15945918.916,1667.415,-1160.844,2237.327,-31301.39,-0.003,22609952.408,1.799,0.0,6.285,4.649,22578640.084,G29,1273531193442,-2709833.6174817877,-4269090.833084187,3874374.9476118,1194.9959149967838
4,2020-05-14-US-MTV-1,Pixel4,1273531192442,1,2,GPS_L1,1273531192370615554,-1604138.356,-16637980.871,21293628.417,2408.222,863.059,877.089,-136679.998,0.0,21530442.337,6.296,0.0,4.125,2.903,21393755.311,G2,1273531193442,-2709833.6174817877,-4269090.833084187,3874374.9476118,1194.9959149967838
5,2020-05-14-US-MTV-1,Pixel4,1273531192442,1,6,GPS_L1,1273531192364653710,10365025.756,-11267217.52,21761431.943,2470.05,1196.279,-554.051,-81414.644,-0.002,23317758.204,2.998,0.0,6.63,5.754,23236331.176,G6,1273531193442,-2709833.6174817877,-4269090.833084187,3874374.9476118,1194.9959149967838
6,2020-05-14-US-MTV-1,Pixel4,1273531192442,1,12,GPS_L1,1273531192375376376,-10465155.668,-19055673.512,15131564.526,132.309,-1955.853,-2319.644,35342.103,-0.002,20103183.807,3.298,0.0,3.758,2.514,20138519.638,G12,1273531193442,-2709833.6174817877,-4269090.833084187,3874374.9476118,1194.9959149967838
7,2020-05-14-US-MTV-1,Pixel4,1273531192442,1,24,GPS_L1,1273531192361621543,-20542929.969,-14942606.998,-8565285.731,1088.255,115.775,-2842.012,-3907.966,0.001,24226779.002,5.096,0.0,9.403,8.428,24222853.205000002,G24,1273531193442,-2709833.6174817877,-4269090.833084187,3874374.9476118,1194.9959149967838
0,2020-05-14-US-MTV-1,Pixel4,1273531193442,1,5,GPS_L1,1273531193368535231,-1612267.296,-26313796.6,2027675.996,355.667,236.009,3155.367,-3794.112,-0.001,22154107.482,2.099,0.0,5.97,4.209,22150303.191000003,G5,1273531194442,-2709833.61746596,-4269090.833174527,3874374.947523918,1197.5806390588575
1,2020-05-14-US-MTV-1,Pixel4,1273531193442,1,25,GPS_L1,1273531193373486431,-14668993.672,-9039930.138,20044023.974,-121.534,-2588.786,-1215.707,1223.856,0.0,20669775.064,1.499,0.0,4.111,2.851,20670991.957999997,G25,1273531194442,-2709833.61746596,-4269090.833174527,3874374.947523918,1197.5806390588575
2,2020-05-14-US-MTV-1,Pixel4,1273531193442,1,29,GPS_L1,1273531193367016058,-21213073.914,375860.792,15948156.076,1667.585,-1161.093,2236.987,-31301.392,-0.003,22609544.09,1.799,0.0,6.284,4.649,22578231.764999997,G29,1273531194442,-2709833.61746596,-4269090.833174527,3874374.947523918,1197.5806390588575
3,2020-05-14-US-MTV-1,Pixel4,1273531193442,1,31,GPS_L1,1273531193358662957,-9622215.139,12135025.158,21569534.379,-2447.337,-1245.158,-345.823,-12714.18,-0.001,25113740.771,9.294,0.0,9.502,20.879,25100996.21,G31,1273531194442,-2709833.61746596,-4269090.833174527,3874374.947523918,1197.5806390588575
4,2020-05-14-US-MTV-1,Pixel4,1273531193442,1,2,GPS_L1,1273531193370614372,-1601730.061,-16637117.866,21294505.291,2408.372,862.954,876.661,-136679.998,0.0,21530796.692,6.296,0.0,4.125,2.903,21394109.666,G2,1273531194442,-2709833.61746596,-4269090.833174527,3874374.947523918,1197.5806390588575
5,2020-05-14-US-MTV-1,Pixel4,1273531193442,1,6,GPS_L1,1273531193364651708,10367495.806,-11266021.334,21760877.663,2470.06,1196.098,-554.511,-81414.646,-0.002,23318358.388,3.298,0.0,6.631,5.756,23236931.354999997,G6,1273531194442,-2709833.61746596,-4269090.833174527,3874374.947523918,1197.5806390588575
6,2020-05-14-US-MTV-1,Pixel4,1273531193442,1,12,GPS_L1,1273531193375376053,-10465023.418,-19057629.22,15129244.72,132.192,-1955.565,-2319.968,35342.102,-0.002,20103280.64,3.298,0.0,3.758,2.514,20138616.470000003,G12,1273531194442,-2709833.61746596,-4269090.833174527,3874374.947523918,1197.5806390588575
7,2020-05-14-US-MTV-1,Pixel4,1273531193442,1,24,GPS_L1,1273531193361619498,-20541841.549,-14942491.188,-8568127.648,1088.588,115.846,-2841.834,-3907.965,0.001,24227392.077,4.197,0.0,9.404,8.431,24223466.277,G24,1273531194442,-2709833.61746596,-4269090.833174527,3874374.947523918,1197.5806390588575
0,2020-05-14-US-MTV-1,Pixel4,1273531194442,1,5,GPS_L1,1273531194368536839,-1611911.598,-26313560.403,2030831.346,355.728,236.384,3155.323,-3794.113,-0.001,22153625.416,2.099,0.0,5.969,4.208,22149821.126,G5,1273531195442,-2709833.61746596,-4269090.833174527,3874374.947523918,1196.4630037472923
1,2020-05-14-US-MTV-1,Pixel4,1273531194442,1,25,GPS_L1,1273531194373487376,-14669115.277,-9042518.844,20042808.049,-121.673,-2588.621,-1216.14,1223.856,0.0,20669491.761,1.799,0.0,4.11,2.851,20670708.656,G25,1273531195442,-2709833.61746596,-4269090.833174527,3874374.947523918,1196.4630037472923
2,2020-05-14-US-MTV-1,Pixel4,1273531194442,1,29,GPS_L1,1273531194367017424,-21211406.242,374699.571,15950392.896,1667.755,-1161.343,2236.647,-31301.395,-0.003,22609134.574,2.099,0.0,6.284,4.648,22577822.247,G29,1273531195442,-2709833.61746596,-4269090.833174527,3874374.947523918,1196.4630037472923
3,2020-05-14-US-MTV-1,Pixel4,1273531194442,1,31,GPS_L1,1273531194358664252,-9624662.492,12133780.081,21569188.326,-2447.365,-1244.995,-346.282,-12714.181,-0.001,25113352.54,10.493,0.0,9.502,20.868,25100607.988999996,G31,1273531195442,-2709833.61746596,-4269090.833174527,3874374.947523918,1196.4630037472923
4,2020-05-14-US-MTV-1,Pixel4,1273531194442,1,2,GPS_L1,1273531194370613242,-1599321.617,-16636254.967,21295381.737,2408.521,862.848,876.233,-136679.998,0.0,21531135.457,7.195,0.0,4.125,2.903,21394448.430999998,G2,1273531195442,-2709833.61746596,-4269090.833174527,3874374.947523918,1196.4630037472923
5,2020-05-14-US-MTV-1,Pixel4,1273531194442,1,6,GPS_L1,1273531194364649691,10369965.866,-11264825.331,21760322.922,2470.07,1195.916,-554.971,-81414.648,-0.002,23318963.07,3.897,0.0,6.631,5.757,23237536.034,G6,1273531195442,-2709833.61746596,-4269090.833174527,3874374.947523918,1196.4630037472923
6,2020-05-14-US-MTV-1,Pixel4,1273531194442,1,12,GPS_L1,1273531194375375768,-10464891.284,-19059584.64,15126924.59,132.076,-1955.277,-2320.293,35342.1,-0.002,20103366.081,3.598,0.0,3.758,2.514,20138701.909,G12,1273531195442,-2709833.61746596,-4269090.833174527,3874374.947523918,1196.4630037472923
7,2020-05-14-US-MTV-1,Pixel4,1273531194442,1,24,GPS_L1,1273531194361617485,-20540752.797,-14942375.306,-8570969.387,1088.92,115.917,-2841.657,-3907.964,0.001,24227995.56,4.797,0.0,9.406,8.434,24224069.755999997,G24,1273531195442,-2709833.61746596,-4269090.833174527,3874374.947523918,1196.4630037472923
0,2020-05-14-US-MTV-1,Pixel4,1273531195442,1,5,GPS_L1,1273531195368538448,-1611555.839,-26313323.83,2033986.652,355.788,236.76,3155.279,-3794.114,-0.001,22153143.05,2.099,0.0,5.968,4.208,22149338.76,G5,1273531196442,-2709833.6174436077,-4269090.833188714,3874374.947523918,1191.1684900661583
1,2020-05-14-US-MTV-1,Pixel4,1273531195442,1,19,GPS_L1,1273531195358740162,18350771.185,-16881327.124,8821609.111,1114.582,-383.068,-2953.041,-47594.444,0.001,25090595.294,10.493,0.0,9.874,22.643,25042968.333,G19,1273531196442,-2709833.6174436077,-4269090.833188714,3874374.947523918,1191.1684900661583
2,2020-05-14-US-MTV-1,Pixel4,1273531195442,1,25,GPS_L1,1273531195373488345,-14669237.021,-9045107.384,20041591.691,-121.812,-2588.456,-1216.573,1223.857,0.0,20669201.262,1.799,0.0,4.11,2.851,20670418.158,G25,1273531196442,-2709833.6174436077,-4269090.833188714,3874374.947523918,1191.1684900661583
3,2020-05-14-US-MTV-1,Pixel4,1273531195442,1,29,GPS_L1,1273531195367018809,-21209738.399,373538.102,15952629.376,1667.925,-1161.592,2236.307,-31301.398,-0.003,22608719.361,2.099,0.0,6.283,4.648,22577407.032000005,G29,1273531196442,-2709833.6174436077,-4269090.833188714,3874374.947523918,1191.1684900661583
4,2020-05-14-US-MTV-1,Pixel4,1273531195442,1,31,GPS_L1,1273531195358665484,-9627109.873,12132535.166,21568841.814,-2447.392,-1244.832,-346.741,-12714.182,-0.001,25112983.195,9.294,0.0,9.502,20.857,25100238.654,G31,1273531196442,-2709833.6174436077,-4269090.833188714,3874374.947523918,1191.1684900661583
5,2020-05-14-US-MTV-1,Pixel4,1273531195442,1,2,GPS_L1,1273531195370612135,-1596913.024,-16635392.173,21296257.755,2408.671,862.743,875.806,-136679.998,0.0,21531467.327,8.094,0.0,4.125,2.904,21394780.3,G2,1273531196442,-2709833.6174436077,-4269090.833188714,3874374.947523918,1191.1684900661583
6,2020-05-14-US-MTV-1,Pixel4,1273531195442,1,6,GPS_L1,1273531195364647689,10372435.937,-11263629.509,21759767.721,2470.08,1195.734,-555.432,-81414.65,-0.002,23319563.254,3.298,0.0,6.632,5.758,23238136.214,G6,1273531196442,-2709833.6174436077,-4269090.833188714,3874374.947523918,1191.1684900661583
7,2020-05-14-US-MTV-1,Pixel4,1273531195442,1,12,GPS_L1,1273531195375375489,-10464759.267,-19061539.772,15124604.135,131.96,-1954.989,-2320.617,35342.098,-0.002,20103449.723,4.197,0.0,3.758,2.514,20138785.549000002,G12,1273531196442,-2709833.6174436077,-4269090.833188714,3874374.947523918,1191.1684900661583
8,2020-05-14-US-MTV-1,Pixel4,1273531195442,1,24,GPS_L1,1273531195361615552,-20539663.712,-14942259.355,-8573810.95,1089.253,115.988,-2841.48,-3907.963,0.001,24228575.058,10.493,0.0,9.407,8.437,24224649.251,G24,1273531196442,-2709833.6174436077,-4269090.833188714,3874374.947523918,1191.1684900661583
0,2020-05-14-US-MTV-1,Pixel4,1273531196442,1,5,GPS_L1,1273531196368540054,-1611200.019,-26313086.881,2037141.914,355.849,237.135,3155.235,-3794.114,-0.001,22152661.583,1.799,0.0,5.968,4.207,22148857.294000003,G5,1273531197442,-2709833.6175181167,-4269090.83314142,3874374.947523918,1188.2527511173032
1,2020-05-14-US-MTV-1,Pixel4,1273531196442,1,25,GPS_L1,1273531196373489294,-14669358.903,-9047695.76,20040374.901,-121.951,-2588.291,-1217.005,1223.857,0.0,20668916.759,1.799,0.0,4.11,2.851,20670133.655,G25,1273531197442,-2709833.6175181167,-4269090.83314142,3874374.947523918,1188.2527511173032
2,2020-05-14-US-MTV-1,Pixel4,1273531196442,1,29,GPS_L1,1273531196367020182,-21208070.387,372376.383,15954865.515,1668.095,-1161.841,2235.967,-31301.401,-0.003,22608307.746,1.799,0.0,6.282,4.647,22576995.415999997,G29,1273531197442,-2709833.6175181167,-4269090.83314142,3874374.947523918,1188.2527511173032
3,2020-05-14-US-MTV-1,Pixel4,1273531196442,1,31,GPS_L1,1273531196358666766,-9629557.283,12131290.414,21568494.843,-2447.42,-1244.668,-347.2,-12714.183,-0.001,25112598.861,10.493,0.0,9.502,20.847,25099854.329000004,G31,1273531197442,-2709833.6175181167,-4269090.83314142,3874374.947523918,1188.2527511173032
4,2020-05-14-US-MTV-1,Pixel4,1273531196442,1,2,GPS_L1,1273531196370611016,-1594504.281,-16634529.484,21297133.345,2408.82,862.637,875.378,-136679.998,0.0,21531802.795,7.195,0.0,4.126,2.904,21395115.767000005,G2,1273531197442,-2709833.6175181167,-4269090.83314142,3874374.947523918,1188.2527511173032
5,2020-05-14-US-MTV-1,Pixel4,1273531196442,1,6,GPS_L1,1273531196364645679,10374906.017,-11262433.869,21759212.06,2470.09,1195.552,-555.892,-81414.652,-0.002,23320165.837,2.998,0.0,6.633,5.76,23238738.792,G6,1273531197442,-2709833.6175181167,-4269090.83314142,3874374.947523918,1188.2527511173032
6,2020-05-14-US-MTV-1,Pixel4,1273531196442,1,12,GPS_L1,1273531196375375216,-10464627.366,-19063494.615,15122283.355,131.843,-1954.701,-2320.942,35342.097,-0.002,20103531.567,4.197,0.0,3.758,2.514,20138867.392,G12,1273531197442,-2709833.6175181167,-4269090.83314142,3874374.947523918,1188.2527511173032
7,2020-05-14-US-MTV-1,Pixel4,1273531196442,1,24,GPS_L1,1273531196361613456,-20538574.294,-14942143.332,-8576652.334,1089.586,116.058,-2841.302,-3907.963,0.001,24229203.423,9.294,0.0,9.408,8.44,24225277.612,G24,1273531197442,-2709833.6175181167,-4269090.83314142,3874374.947523918,1188.2527511173032
0,2020-05-14-US-MTV-1,Pixel4,1273531197442,1,5,GPS_L1,1273531197368541658,-1610844.139,-26312849.556,2040297.132,355.91,237.511,3155.191,-3794.115,-0.001,22152180.716,1.799,0.0,5.967,4.207,22148376.427,G5,1273531198442,-2709833.6174436077,-4269090.833188714,3874374.947523918,1188.7268079548346
1,2020-05-14-US-MTV-1,Pixel4,1273531197442,1,25,GPS_L1,1273531197373490239,-14669480.925,-9050283.97,20039157.678,-122.09,-2588.126,-1217.438,1223.858,0.0,20668633.455,1.499,0.0,4.109,2.85,20669850.353999995,G25,1273531198442,-2709833.6174436077,-4269090.833188714,3874374.947523918,1188.7268079548346
2,2020-05-14-US-MTV-1,Pixel4,1273531197442,1,29,GPS_L1,1273531197367021547,-21206402.205,371214.415,15957101.315,1668.265,-1162.09,2235.627,-31301.403,-0.003,22607898.529,1.799,0.0,6.282,4.646,22576586.197999995,G29,1273531198442,-2709833.6174436077,-4269090.833188714,3874374.947523918,1188.7268079548346
3,2020-05-14-US-MTV-1,Pixel4,1273531197442,1,2,GPS_L1,1273531197370609820,-1592095.388,-16633666.902,21298008.508,2408.969,862.531,874.95,-136679.998,0.0,21532161.347,5.696,0.0,4.126,2.904,21395474.319000002,G2,1273531198442,-2709833.6174436077,-4269090.833188714,3874374.947523918,1188.7268079548346
4,2020-05-14-US-MTV-1,Pixel4,1273531197442,1,6,GPS_L1,1273531197364643681,10377376.107,-11261238.411,21758655.938,2470.1,1195.37,-556.353,-81414.653,-0.002,23320764.822,2.698,0.0,6.633,5.761,23239337.775,G6,1273531198442,-2709833.6174436077,-4269090.833188714,3874374.947523918,1188.7268079548346
5,2020-05-14-US-MTV-1,Pixel4,1273531197442,1,12,GPS_L1,1273531197375374906,-10464495.581,-19065449.171,15119962.252,131.727,-1954.412,-2321.266,35342.095,-0.002,20103624.502,3.598,0.0,3.758,2.514,20138960.325,G12,1273531198442,-2709833.6174436077,-4269090.833188714,3874374.947523918,1188.7268079548346
6,2020-05-14-US-MTV-1,Pixel4,1273531197442,1,24,GPS_L1,1273531197361611398,-20537484.543,-14942027.238,-8579493.542,1089.918,116.129,-2841.125,-3907.962,0.001,24229820.396,7.195,0.0,9.41,8.443,24225894.581,G24,1273531198442,-2709833.6174436077,-4269090.833188714,3874374.947523918,1188.7268079548346
0,2020-05-14-US-MTV-1,Pixel4,1273531198442,1,5,GPS_L1,1273531198368543251,-1610488.198,-26312611.856,2043452.306,355.971,237.887,3155.147,-3794.116,-0.001,22151703.147,1.799,0.0,5.966,4.206,22147898.859,G5,1273531199442,-2709833.6175181167,-4269090.83314142,3874374.947523918,1191.9388320986445
1,2020-05-14-US-MTV-1,Pixel4,1273531198442,1,25,GPS_L1,1273531198373491185,-14669603.085,-9052872.016,20037940.022,-122.229,-2587.961,-1217.87,1223.858,0.0,20668349.851,1.499,0.0,4.109,2.85,20669566.749999996,G25,1273531199442,-2709833.6175181167,-4269090.83314142,3874374.947523918,1191.9388320986445
2,2020-05-14-US-MTV-1,Pixel4,1273531198442,1,29,GPS_L1,1273531198367022923,-21204733.853,370052.198,15959336.774,1668.434,-1162.34,2235.287,-31301.406,-0.003,22607486.015,1.799,0.0,6.281,4.646,22576173.682,G29,1273531199442,-2709833.6175181167,-4269090.83314142,3874374.947523918,1191.9388320986445
3,2020-05-14-US-MTV-1,Pixel4,1273531198442,1,2,GPS_L1,1273531198370608729,-1589686.347,-16632804.424,21298883.242,2409.119,862.426,874.522,-136679.998,0.0,21532488.42,5.696,0.0,4.126,2.904,21395801.392000005,G2,1273531199442,-2709833.6175181167,-4269090.83314142,3874374.947523918,1191.9388320986445
4,2020-05-14-US-MTV-1,Pixel4,1273531198442,1,6,GPS_L1,1273531198364641669,10379846.208,-11260043.134,21758099.355,2470.11,1195.188,-556.813,-81414.655,-0.002,23321368.005,2.698,0.0,6.634,5.763,23239940.952999998,G6,1273531199442,-2709833.6175181167,-4269090.83314142,3874374.947523918,1191.9388320986445
5,2020-05-14-US-MTV-1,Pixel4,1273531198442,1,12,GPS_L1,1273531198375374609,-10464363.913,-19067403.438,15117640.824,131.611,-1954.124,-2321.59,35342.094,-0.002,20103713.541,3.298,0.0,3.758,2.514,20139049.363,G12,1273531199442,-2709833.6175181167,-4269090.83314142,3874374.947523918,1191.9388320986445
6,2020-05-14-US-MTV-1,Pixel4,1273531198442,1,24,GPS_L1,1273531198361609387,-20536394.46,-14941911.074,-8582334.572,1090.251,116.2,-2840.947,-3907.961,0.001,24230423.279,7.195,0.0,9.411,8.446,24226497.461000003,G24,1273531199442,-2709833.6175181167,-4269090.83314142,3874374.947523918,1191.9388320986445
0,2020-05-14-US-MTV-1,Pixel4,1273531199442,1,5,GPS_L1,1273531199368544841,-1610132.196,-26312373.781,2046607.436,356.032,238.262,3155.103,-3794.116,-0.001,22151226.477,1.799,0.0,5.965,4.205,22147422.191000003,G5,1273531200442,-2709833.617391451,-4269090.833221821,3874374.947523918,1191.745084782794
1,2020-05-14-US-MTV-1,Pixel4,1273531199442,1,19,GPS_L1,1273531199358732884,18355226.671,-16882858.502,8809795.446,1113.167,-382.622,-2953.801,-47594.44,0.001,25092777.184,9.294,0.0,9.876,22.706,25045150.162,G19,1273531200442,-2709833.617391451,-4269090.833221821,3874374.947523918,1191.745084782794
2,2020-05-14-US-MTV-1,Pixel4,1273531199442,1,25,GPS_L1,1273531199373492111,-14669725.384,-9055459.897,20036721.934,-122.368,-2587.796,-1218.303,1223.858,0.0,20668072.243,1.499,0.0,4.109,2.85,20669289.141999997,G25,1273531200442,-2709833.617391451,-4269090.833221821,3874374.947523918,1191.745084782794
3,2020-05-14-US-MTV-1,Pixel4,1273531199442,1,29,GPS_L1,1273531199367024281,-21203065.331,368889.731,15961571.894,1668.604,-1162.589,2234.946,-31301.409,-0.003,22607078.897,1.799,0.0,6.28,4.645,22575766.562999997,G29,1273531200442,-2709833.617391451,-4269090.833221821,3874374.947523918,1191.745084782794
4,2020-05-14-US-MTV-1,Pixel4,1273531199442,1,2,GPS_L1,1273531199370607574,-1587277.156,-16631942.053,21299757.548,2409.268,862.32,874.094,-136679.998,0.0,21532834.681,5.696,0.0,4.126,2.904,21396147.653000005,G2,1273531200442,-2709833.617391451,-4269090.833221821,3874374.947523918,1191.745084782794
5,2020-05-14-US-MTV-1,Pixel4,1273531199442,1,6,GPS_L1,1273531199364639633,10382316.318,-11258848.04,21757542.312,2470.12,1195.007,-557.274,-81414.657,-0.002,23321978.382,2.698,0.0,6.635,5.764,23240551.325999998,G6,1273531200442,-2709833.617391451,-4269090.833221821,3874374.947523918,1191.745084782794
6,2020-05-14-US-MTV-1,Pixel4,1273531199442,1,12,GPS_L1,1273531199375374296,-10464232.361,-19069357.416,15115319.072,131.495,-1953.836,-2321.915,35342.092,-0.002,20103807.376,2.998,0.0,3.758,2.514,20139143.196,G12,1273531200442,-2709833.617391451,-4269090.833221821,3874374.947523918,1191.745084782794
7,2020-05-14-US-MTV-1,Pixel4,1273531199442,1,24,GPS_L1,1273531199361607351,-20535304.044,-14941794.839,-8585175.424,1090.584,116.271,-2840.769,-3907.96,0.001,24231033.656,6.296,0.0,9.412,8.448,24227107.836,G24,1273531200442,-2709833.617391451,-4269090.833221821,3874374.947523918,1191.745084782794
0,2020-05-14-US-MTV-1,Pixel4,1273531200442,1,5,GPS_L1,1273531200368546452,-1609776.133,-26312135.33,2049762.522,356.093,238.638,3155.059,-3794.117,-0.001,22150743.511,1.799,0.0,5.965,4.205,22146939.224000003,G5,1273531201442,-2709833.61746596,-4269090.833174527,3874374.947523918,1193.5267827016946
1,2020-05-14-US-MTV-1,Pixel4,1273531200442,1,25,GPS_L1,1273531200373493040,-14669847.822,-9058047.612,20035503.414,-122.507,-2587.631,-1218.735,1223.859,0.0,20667793.736,1.799,0.0,4.109,2.85,20669010.636,G25,1273531201442,-2709833.61746596,-4269090.833174527,3874374.947523918,1193.5267827016946
2,2020-05-14-US-MTV-1,Pixel4,1273531200442,1,29,GPS_L1,1273531200367025637,-21201396.64,367727.015,15963806.672,1668.774,-1162.838,2234.606,-31301.411,-0.003,22606672.378,1.799,0.0,6.28,4.644,22575360.042999998,G29,1273531201442,-2709833.61746596,-4269090.833174527,3874374.947523918,1193.5267827016946
3,2020-05-14-US-MTV-1,Pixel4,1273531200442,1,2,GPS_L1,1273531200370606443,-1584867.816,-16631079.787,21300631.427,2409.417,862.214,873.666,-136679.998,0.0,21533173.746,6.296,0.0,4.127,2.905,21396486.716,G2,1273531201442,-2709833.61746596,-4269090.833174527,3874374.947523918,1193.5267827016946
4,2020-05-14-US-MTV-1,Pixel4,1273531200442,1,6,GPS_L1,1273531200364637628,10384786.438,-11257653.128,21756984.809,2470.13,1194.825,-557.734,-81414.659,-0.002,23322579.466,3.298,0.0,6.635,5.765,23241152.406999994,G6,1273531201442,-2709833.61746596,-4269090.833174527,3874374.947523918,1193.5267827016946
5,2020-05-14-US-MTV-1,Pixel4,1273531200442,1,12,GPS_L1,1273531200375374001,-10464100.925,-19071311.106,15112996.995,131.378,-1953.547,-2322.239,35342.09,-0.002,20103895.814,2.998,0.0,3.758,2.514,20139231.632,G12,1273531201442,-2709833.61746596,-4269090.833174527,3874374.947523918,1193.5267827016946
6,2020-05-14-US-MTV-1,Pixel4,1273531200442,1,24,GPS_L1,1273531200361605343,-20534213.296,-14941678.533,-8588016.098,1090.916,116.341,-2840.592,-3907.959,0.001,24231635.64,4.197,0.0,9.414,8.451,24227709.816,G24,1273531201442,-2709833.61746596,-4269090.833174527,3874374.947523918,1193.5267827016946
0,2020-05-14-US-MTV-1,Pixel4,1273531201442,1,5,GPS_L1,1273531202368549641,-1609063.825,-26311657.301,2056072.561,356.215,239.389,3154.97,-3794.118,-0.001,22149787.473,2.099,0.0,5.963,4.204,22145983.188,G5,1273531202442,-2709833.617391451,-4269090.833221821,3874374.947523918,1192.2812708720714
1,2020-05-14-US-MTV-1,Pixel4,1273531201442,1,19,GPS_L1,1273531202358727455,18358564.573,-16884005.863,8800933.204,1112.106,-382.287,-2954.37,-47594.437,0.001,25094404.757,8.094,0.0,9.879,22.753,25046777.688,G19,1273531202442,-2709833.617391451,-4269090.833221821,3874374.947523918,1192.2812708720714
2,2020-05-14-US-MTV-1,Pixel4,1273531201442,1,25,GPS_L1,1273531202373494926,-14670093.115,-9063222.548,20033065.075,-122.784,-2587.3,-1219.6,1223.86,0.0,20667228.327,1.799,0.0,4.108,2.849,20668445.23,G25,1273531202442,-2709833.617391451,-4269090.833221821,3874374.947523918,1192.2812708720714
3,2020-05-14-US-MTV-1,Pixel4,1273531201442,1,29,GPS_L1,1273531202367028369,-21198058.748,365400.836,15968275.209,1669.113,-1163.337,2233.925,-31301.417,-0.003,22605853.345,1.799,0.0,6.278,4.643,22574541.007,G29,1273531202442,-2709833.617391451,-4269090.833221821,3874374.947523918,1192.2812708720714
4,2020-05-14-US-MTV-1,Pixel4,1273531201442,1,31,GPS_L1,1273531202358674840,-9644242.322,12123825.332,21566403.373,-2447.586,-1243.689,-349.955,-12714.187,-0.001,25110178.337,13.79,0.0,9.5,20.781,25097433.869000003,G31,1273531202442,-2709833.617391451,-4269090.833221821,3874374.947523918,1192.2812708720714
5,2020-05-14-US-MTV-1,Pixel4,1273531201442,1,6,GPS_L1,1273531202364633596,10389726.707,-11255263.849,21755868.422,2470.149,1194.461,-558.655,-81414.663,-0.002,23323788.229,2.998,0.0,6.637,5.768,23242361.161000002,G6,1273531202442,-2709833.617391451,-4269090.833221821,3874374.947523918,1192.2812708720714
6,2020-05-14-US-MTV-1,Pixel4,1273531201442,1,12,GPS_L1,1273531202375373422,-10463838.401,-19075217.621,15108351.869,131.146,-1952.97,-2322.887,35342.087,-0.002,20104069.394,3.598,0.0,3.758,2.514,20139405.209000003,G12,1273531202442,-2709833.617391451,-4269090.833221821,3874374.947523918,1192.2812708720714
7,2020-05-14-US-MTV-1,Pixel4,1273531201442,1,24,GPS_L1,1273531202361601257,-20532030.801,-14941445.71,-8593696.914,1091.582,116.482,-2840.236,-3907.958,0.001,24232860.592,3.598,0.0,9.417,8.457,24228934.76,G24,1273531202442,-2709833.617391451,-4269090.833221821,3874374.947523918,1192.2812708720714
