collectionName,phoneName,millisSinceGpsEpoch,latDeg,lngDeg,heightAboveWgs84EllipsoidM,timeSinceFirstFixSeconds,hDop,vDop,speedMps,courseDegree
2020-05-14-US-MTV-1,Pixel4,1.27353E+12,37.42357595,-122.094132,33.21,551.44,1.1,0,0,12.7
2020-05-14-US-MTV-1,Pixel4,1.27353E+12,37.42357595,-122.094132,33.21,552.44,1.1,0,0,12.7
2020-05-14-US-MTV-1,Pixel4,1.27353E+12,37.42357596,-122.094132,33.21,553.44,1.1,0,0,12.7
2020-05-14-US-MTV-1,Pixel4,1.27353E+12,37.42357598,-122.094132,33.2,554.44,1.1,0,0,12.7
2020-05-14-US-MTV-1,Pixel4,1.27353E+12,37.42357599,-122.094132,33.2,555.44,1.1,0,0,12.7
2020-05-14-US-MTV-1,Pixel4,1.27353E+12,37.423576,-122.094132,33.2,556.44,1.1,0,0,12.7
2020-05-14-US-MTV-1,Pixel4,1.27353E+12,37.42357602,-122.094132,33.19,557.44,1.1,0,0,12.7
2020-05-14-US-MTV-1,Pixel4,1.27353E+12,37.42357602,-122.094132,33.19,558.44,1.1,0,0,12.7
2020-05-14-US-MTV-1,Pixel4,1.27353E+12,37.42357603,-122.094132,33.19,559.44,1.1,0,0,12.7
2020-05-14-US-MTV-1,Pixel4,1.27353E+12,37.42357604,-122.094132,33.19,560.44,1.1,0,0,12.7
2020-05-14-US-MTV-1,Pixel4,1.27353E+12,37.42357606,-122.094132,33.18,561.44,1.1,0,0,12.7
2020-05-14-US-MTV-1,Pixel4,1.27353E+12,37.42357607,-122.094132,33.18,562.44,1.1,0,0,12.7
2020-05-14-US-MTV-1,Pixel4,1.27353E+12,37.42357607,-122.0941319,33.18,563.44,1.1,0,0,12.7
2020-05-14-US-MTV-1,Pixel4,1.27353E+12,37.42357608,-122.0941319,33.17,564.44,1.1,0,0,12.7
2020-05-14-US-MTV-1,Pixel4,1.27353E+12,37.42357609,-122.0941319,33.17,565.44,1.1,0,0,12.7
2020-05-14-US-MTV-1,Pixel4,1.27353E+12,37.42357608,-122.0941319,33.17,566.44,1.1,0,0,12.7
2020-05-14-US-MTV-1,Pixel4,1.27353E+12,37.42357607,-122.0941319,33.16,567.44,1.1,0,0,12.7
2020-05-14-US-MTV-1,Pixel4,1.27353E+12,37.42357607,-122.0941319,33.16,568.44,1.1,0,0,12.7
2020-05-14-US-MTV-1,Pixel4,1.27353E+12,37.42357608,-122.0941319,33.16,569.44,1.1,0,0,12.7
2020-05-14-US-MTV-1,Pixel4,1.27353E+12,37.4235761,-122.0941319,33.16,570.44,1.1,0,0,12.7
2020-05-14-US-MTV-1,Pixel4,1.27353E+12,37.42357612,-122.0941319,33.16,571.44,1.1,0,0,12.7
2020-05-14-US-MTV-1,Pixel4,1.27353E+12,37.42357612,-122.0941319,33.16,572.44,1.1,0,0,12.7
2020-05-14-US-MTV-1,Pixel4,1.27353E+12,37.42357612,-122.0941318,33.16,573.44,1.1,0,0,12.7
2020-05-14-US-MTV-1,Pixel4,1.27353E+12,37.42357612,-122.0941318,33.16,574.44,1.1,0,0,12.7
2020-05-14-US-MTV-1,Pixel4,1.27353E+12,37.42357612,-122.0941318,33.16,575.44,1.1,0,0,12.7
2020-05-14-US-MTV-1,Pixel4,1.27353E+12,37.42357611,-122.0941318,33.16,576.44,1.1,0,0,12.7
2020-05-14-US-MTV-1,Pixel4,1.27353E+12,37.42357608,-122.0941318,33.16,577.44,1.1,0,0,12.7
2020-05-14-US-MTV-1,Pixel4,1.27353E+12,37.42357605,-122.0941318,33.17,578.44,1.1,0,0,12.7
2020-05-14-US-MTV-1,Pixel4,1.27353E+12,37.42357603,-122.0941318,33.17,579.44,1.1,0,0,12.7
2020-05-14-US-MTV-1,Pixel4,1.27353E+12,37.42357602,-122.0941319,33.18,580.44,1.1,0,0,12.7
2020-05-14-US-MTV-1,Pixel4,1.27353E+12,37.42357602,-122.0941319,33.18,581.44,1.1,0,0,12.7
2020-05-14-US-MTV-1,Pixel4,1.27353E+12,37.42357602,-122.0941319,33.18,582.44,1.1,0,0,12.7
2020-05-14-US-MTV-1,Pixel4,1.27353E+12,37.42357603,-122.0941319,33.19,583.44,1.1,0,0,12.7
2020-05-14-US-MTV-1,Pixel4,1.27353E+12,37.42357604,-122.0941319,33.19,584.44,1.1,0,0,12.7
2020-05-14-US-MTV-1,Pixel4,1.27353E+12,37.42357605,-122.0941319,33.19,585.44,1.1,0,0,12.7
2020-05-14-US-MTV-1,Pixel4,1.27353E+12,37.42357606,-122.0941319,33.19,586.44,1.2,0,0,12.7
2020-05-14-US-MTV-1,Pixel4,1.27353E+12,37.42357608,-122.0941319,33.19,587.44,1.2,0,0,12.7
2020-05-14-US-MTV-1,Pixel4,1.27353E+12,37.42357609,-122.0941318,33.18,588.44,1.2,0,0,12.7
2020-05-14-US-MTV-1,Pixel4,1.27353E+12,37.42357609,-122.0941318,33.18,589.44,1.2,0,0,12.7
2020-05-14-US-MTV-1,Pixel4,1.27353E+12,37.42357608,-122.0941318,33.18,590.44,1.2,0,0,12.7
2020-05-14-US-MTV-1,Pixel4,1.27353E+12,37.42357606,-122.0941318,33.18,591.44,1.2,0,0,12.7
2020-05-14-US-MTV-1,Pixel4,1.27353E+12,37.42357604,-122.0941318,33.18,592.44,1.2,0,0,12.7
2020-05-14-US-MTV-1,Pixel4,1.27353E+12,37.42357603,-122.0941318,33.18,593.44,1.2,0,0,12.7
2020-05-14-US-MTV-1,Pixel4,1.27353E+12,37.42357602,-122.0941318,33.17,594.44,1.2,0,0,12.7
2020-05-14-US-MTV-1,Pixel4,1.27353E+12,37.42357601,-122.0941318,33.17,595.44,1.2,0,0,12.7
2020-05-14-US-MTV-1,Pixel4,1.27353E+12,37.42357602,-122.0941318,33.17,596.44,1.2,0,0,12.7
2020-05-14-US-MTV-1,Pixel4,1.27353E+12,37.42357604,-122.0941318,33.16,597.44,1.2,0,0,12.7
2020-05-14-US-MTV-1,Pixel4,1.27353E+12,37.42357606,-122.0941318,33.16,598.44,1.2,0,0,12.7
2020-05-14-US-MTV-1,Pixel4,1.27353E+12,37.42357606,-122.0941318,33.16,599.44,1.2,0,0,12.7
2020-05-14-US-MTV-1,Pixel4,1.27353E+12,37.42357607,-122.0941318,33.15,600.44,1.2,0,0,12.7
2020-05-14-US-MTV-1,Pixel4,1.27353E+12,37.42357606,-122.0941318,33.15,601.44,1.2,0,0,12.7
2020-05-14-US-MTV-1,Pixel4,1.27353E+12,37.42357607,-122.0941318,33.15,602.44,1.2,0,0,12.7
2020-05-14-US-MTV-1,Pixel4,1.27353E+12,37.42357608,-122.0941318,33.15,603.44,1.2,0,0,12.7
2020-05-14-US-MTV-1,Pixel4,1.27353E+12,37.42357609,-122.0941318,33.15,604.44,1.2,0,0,12.7
2020-05-14-US-MTV-1,Pixel4,1.27353E+12,37.42357609,-122.0941319,33.15,605.44,1.44,0,0,12.7
2020-05-14-US-MTV-1,Pixel4,1.27353E+12,37.42357608,-122.0941319,33.15,606.44,1.8,0,0,12.7
2020-05-14-US-MTV-1,Pixel4,1.27353E+12,37.42357607,-122.0941319,33.15,607.44,1.5,0,0,12.7
2020-05-14-US-MTV-1,Pixel4,1.27353E+12,37.42357607,-122.0941319,33.15,608.44,1.44,0,0,12.7
2020-05-14-US-MTV-1,Pixel4,1.27353E+12,37.42357608,-122.0941319,33.15,609.44,1.8,0,0,12.7
2020-05-14-US-MTV-1,Pixel4,1.27353E+12,37.42357609,-122.094132,33.15,610.44,1.5,0,0,12.7
2020-05-14-US-MTV-1,Pixel4,1.27353E+12,37.42357609,-122.094132,33.15,611.44,1.2,0,0,12.7
2020-05-14-US-MTV-1,Pixel4,1.27353E+12,37.42357609,-122.094132,33.15,612.44,1.2,0,0,12.7
2020-05-14-US-MTV-1,Pixel4,1.27353E+12,37.42357608,-122.094132,33.14,613.44,1.2,0,0,12.7
2020-05-14-US-MTV-1,Pixel4,1.27353E+12,37.42357609,-122.094132,33.14,614.44,1.2,0,0,12.7
2020-05-14-US-MTV-1,Pixel4,1.27353E+12,37.42357609,-122.094132,33.14,615.44,1.2,0,0,12.7
2020-05-14-US-MTV-1,Pixel4,1.27353E+12,37.42357611,-122.094132,33.14,616.44,1.2,0,0,12.7
2020-05-14-US-MTV-1,Pixel4,1.27353E+12,37.42357618,-122.0941319,33.14,617.44,1.44,0,0,12.7
2020-05-14-US-MTV-1,Pixel4,1.27353E+12,37.42357689,-122.0941318,33.14,618.44,1.8,0,0.15,12.6
2020-05-14-US-MTV-1,Pixel4,1.27353E+12,37.42357901,-122.0941315,33.14,619.44,1.6,0,0.43,12.6
2020-05-14-US-MTV-1,Pixel4,1.27353E+12,37.42358606,-122.0941302,33.15,620.44,1.4,0,1.2,12.5
2020-05-14-US-MTV-1,Pixel4,1.27353E+12,37.42360113,-122.0941279,33.18,621.44,1.4,0,2.26,12.2
2020-05-14-US-MTV-1,Pixel4,1.27353E+12,37.42362692,-122.0941245,33.21,622.44,1.64,0,3.49,11.16
2020-05-14-US-MTV-1,Pixel4,1.27353E+12,37.42366083,-122.094121,33.24,623.44,2,0,3.84,9.62
2020-05-14-US-MTV-1,Pixel4,1.27353E+12,37.4236924,-122.0941176,33.26,624.44,2.34,0,3.02,10.68
2020-05-14-US-MTV-1,Pixel4,1.27353E+12,37.42371509,-122.0941037,33.27,625.44,2.7,0,2.5,28.79
2020-05-14-US-MTV-1,Pixel4,1.27353E+12,37.4237267,-122.0940783,33.31,626.44,2.4,0,2.21,57.18
2020-05-14-US-MTV-1,Pixel4,1.27353E+12,37.42372738,-122.0940492,33.38,627.44,2.1,0,2.62,84.63
2020-05-14-US-MTV-1,Pixel4,1.27353E+12,37.4237198,-122.0940115,33.46,628.44,2.74,0,3.95,104.68
2020-05-14-US-MTV-1,Pixel4,1.27353E+12,37.42371193,-122.0939606,33.56,629.44,3.3,0,5.19,104.59
2020-05-14-US-MTV-1,Pixel4,1.27353E+12,37.42370591,-122.0938974,33.74,630.44,3.3,0,6.11,101.86
2020-05-14-US-MTV-1,Pixel4,1.27353E+12,37.42370002,-122.0938259,33.99,631.44,13.67,0,6.43,100.7
2020-05-14-US-MTV-1,Pixel4,1.27353E+12,37.42369591,-122.0937565,34.23,632.44,21.3,0,5.54,98.66
2020-05-14-US-MTV-1,Pixel4,1.27353E+12,37.42369408,-122.0937042,34.33,633.44,18.58,0,3.74,97.12
2020-05-14-US-MTV-1,Pixel4,1.27353E+12,37.42369535,-122.093667,34.36,634.44,16.39,0,3.26,91.55
2020-05-14-US-MTV-1,Pixel4,1.27353E+12,37.42370673,-122.0936331,34.34,635.44,14.41,0,3.34,72.76
2020-05-14-US-MTV-1,Pixel4,1.27353E+12,37.4237277,-122.0936077,34.39,636.44,30.63,0,3.37,52.42
2020-05-14-US-MTV-1,Pixel4,1.27353E+12,37.42375898,-122.0935884,34.45,637.44,21.86,0,4.69,32.54
2020-05-14-US-MTV-1,Pixel4,1.27353E+12,37.42380569,-122.0935727,34.5,638.44,0,0,6.14,19.63
2020-05-14-US-MTV-1,Pixel4,1.27353E+12,37.4238662,-122.093558,34.52,639.44,0,0,7.63,14.65
2020-05-14-US-MTV-1,Pixel4,1.27353E+12,37.4239407,-122.0935475,34.51,640.44,25.34,0,9.07,10.96
2020-05-14-US-MTV-1,Pixel4,1.27353E+12,37.42402748,-122.0935383,34.53,641.44,57.4,0,10.23,9.16
2020-05-14-US-MTV-1,Pixel4,1.27353E+12,37.42412346,-122.0935296,34.51,642.44,57.4,0,11.16,9.1
2020-05-14-US-MTV-1,Pixel4,1.27353E+12,37.42422813,-122.09352,34.47,643.44,32.01,0,12.11,9.1
2020-05-14-US-MTV-1,Pixel4,1.27353E+12,37.42434019,-122.0935099,34.42,644.44,0,0,12.66,9
2020-05-14-US-MTV-1,Pixel4,1.27353E+12,37.42445424,-122.0934999,34.38,645.44,0,0,12.71,8.7
2020-05-14-US-MTV-1,Pixel4,1.27353E+12,37.42456852,-122.0934909,34.35,646.44,0,0,12.71,8.4
2020-05-14-US-MTV-1,Pixel4,1.27353E+12,37.42468211,-122.0934809,34.31,647.44,0,0,12.55,9.44
2020-05-14-US-MTV-1,Pixel4,1.27353E+12,37.42479426,-122.0934671,34.27,648.44,0,0,12.38,11.71
2020-05-14-US-MTV-1,Pixel4,1.27353E+12,37.42490166,-122.0934434,34.2,649.44,0,0,11.69,16.99
2020-05-14-US-MTV-1,Pixel4,1.27353E+12,37.42499822,-122.0934067,34.15,650.44,0,0,10.61,24.54
2020-05-14-US-MTV-1,Pixel4,1.27353E+12,37.42507942,-122.0933598,34.09,651.44,0,0,9.02,31.99
2020-05-14-US-MTV-1,Pixel4,1.27353E+12,37.42514019,-122.0933121,34.05,652.44,0,0,6.73,38.65
2020-05-14-US-MTV-1,Pixel4,1.27353E+12,37.42517901,-122.0932747,34.07,653.44,0,0,4.13,42.93
2020-05-14-US-MTV-1,Pixel4,1.27353E+12,37.42520065,-122.0932514,34.1,654.44,107.95,0,2.68,45.48
2020-05-14-US-MTV-1,Pixel4,1.27353E+12,37.42521692,-122.093228,34.12,655.44,244.5,0,3.08,53.47
2020-05-14-US-MTV-1,Pixel4,1.27353E+12,37.42522753,-122.0931861,34.16,656.44,163.67,0,4.47,77.62
2020-05-14-US-MTV-1,Pixel4,1.27353E+12,37.42522138,-122.0931281,34.18,657.44,61.2,0,5.6,104.87
2020-05-14-US-MTV-1,Pixel4,1.27353E+12,37.42519766,-122.0930616,34.17,658.44,323.79,0,7.22,120.58
2020-05-14-US-MTV-1,Pixel4,1.27353E+12,37.42516232,-122.0929812,34.13,659.44,655.3,0,8.96,123.84
2020-05-14-US-MTV-1,Pixel4,1.27353E+12,37.42511974,-122.092884,34.08,660.44,655.3,0,10.64,123.56
2020-05-14-US-MTV-1,Pixel4,1.27353E+12,37.42507232,-122.0927701,34.03,661.44,655.3,0,12.03,121.72
2020-05-14-US-MTV-1,Pixel4,1.27353E+12,37.42502379,-122.0926417,34.05,662.44,365.69,0,13.11,119.5
2020-05-14-US-MTV-1,Pixel4,1.27353E+12,37.42497467,-122.092501,34.08,663.44,0,0,14.09,117.82
2020-05-14-US-MTV-1,Pixel4,1.27353E+12,37.42492571,-122.0923482,34.12,664.44,0,0,15.06,116.22
2020-05-14-US-MTV-1,Pixel4,1.27353E+12,37.42487721,-122.0921846,34.19,665.44,0,0,15.62,114.32
2020-05-14-US-MTV-1,Pixel4,1.27353E+12,37.42483343,-122.092017,34.24,666.44,0,0,15.59,111.97
2020-05-14-US-MTV-1,Pixel4,1.27353E+12,37.42479606,-122.0918483,34.2,667.44,0,0,15.43,109.66
2020-05-14-US-MTV-1,Pixel4,1.27353E+12,37.42476118,-122.0916805,34.14,668.44,112.07,0,15.28,109.6
2020-05-14-US-MTV-1,Pixel4,1.27353E+12,37.4247257,-122.0915147,34.07,669.44,253.84,0,15.1,111.01
2020-05-14-US-MTV-1,Pixel4,1.27353E+12,37.42468162,-122.0913541,34.01,670.44,254.54,0,14.92,116.15
2020-05-14-US-MTV-1,Pixel4,1.27353E+12,37.42462543,-122.0912018,34.02,671.44,142.29,0,14.74,122.11
2020-05-14-US-MTV-1,Pixel4,1.27353E+12,37.42456017,-122.091058,34.05,672.44,0,0,14.56,126.17
2020-05-14-US-MTV-1,Pixel4,1.27353E+12,37.42448765,-122.0909202,34.07,673.44,0,0,14.64,129.77
2020-05-14-US-MTV-1,Pixel4,1.27353E+12,37.42440843,-122.0907887,34.14,674.44,289.65,0,14.51,133.71
2020-05-14-US-MTV-1,Pixel4,1.27353E+12,37.42432192,-122.0906676,34.18,675.44,365.69,0,14.23,138.81
2020-05-14-US-MTV-1,Pixel4,1.27353E+12,37.42422971,-122.09056,34.11,676.44,0,0,13.52,143.97
2020-05-14-US-MTV-1,Pixel4,1.27353E+12,37.42413902,-122.0904705,34.02,677.44,0,0,11.95,148.17
2020-05-14-US-MTV-1,Pixel4,1.27353E+12,37.42405773,-122.0904018,33.93,678.44,0,0,9.67,152.27
2020-05-14-US-MTV-1,Pixel4,1.27353E+12,37.42399203,-122.0903544,33.86,679.44,0,0,7.09,155.97
2020-05-14-US-MTV-1,Pixel4,1.27353E+12,37.42394564,-122.0903262,33.83,680.44,0,0,4.37,159.73
2020-05-14-US-MTV-1,Pixel4,1.27353E+12,37.4239197,-122.0903126,33.8,681.44,0,0,1.92,161.64
2020-05-14-US-MTV-1,Pixel4,1.27353E+12,37.42391054,-122.090308,33.8,682.44,0,0,0.54,162.1
2020-05-14-US-MTV-1,Pixel4,1.27353E+12,37.42390739,-122.0903065,33.79,683.44,0,0,0.26,162.3
2020-05-14-US-MTV-1,Pixel4,1.27353E+12,37.42390535,-122.0903055,33.77,684.44,282.2,0,0.28,162.4
2020-05-14-US-MTV-1,Pixel4,1.27353E+12,37.42390145,-122.0903037,33.76,685.44,640.71,0,0.79,162.74
2020-05-14-US-MTV-1,Pixel4,1.27353E+12,37.42388852,-122.0902985,33.76,686.44,365.72,0,2.23,165.31
2020-05-14-US-MTV-1,Pixel4,1.27353E+12,37.42386126,-122.0902944,33.75,687.44,8.43,0,3.72,177.57
2020-05-14-US-MTV-1,Pixel4,1.27353E+12,37.42382408,-122.0903126,33.69,688.44,0,0,4.67,208.03
2020-05-14-US-MTV-1,Pixel4,1.27353E+12,37.42379359,-122.0903591,33.66,689.44,21.22,0,5.67,237.82
2020-05-14-US-MTV-1,Pixel4,1.27353E+12,37.42376778,-122.090424,33.65,690.44,26.84,0,7.11,248.13
2020-05-14-US-MTV-1,Pixel4,1.27353E+12,37.423739,-122.0905058,33.67,691.44,0,0,8.66,251.84
2020-05-14-US-MTV-1,Pixel4,1.27353E+12,37.42370543,-122.0906037,33.68,692.44,0,0,10.15,251.32
2020-05-14-US-MTV-1,Pixel4,1.27353E+12,37.42366424,-122.0907141,33.65,693.44,0,0,11.41,248.89
2020-05-14-US-MTV-1,Pixel4,1.27353E+12,37.42361255,-122.0908327,33.61,694.44,0,0,12.54,244.87
2020-05-14-US-MTV-1,Pixel4,1.27353E+12,37.42354853,-122.0909563,33.54,695.44,0,0,13.57,239.65
2020-05-14-US-MTV-1,Pixel4,1.27353E+12,37.42347178,-122.0910779,33.43,696.44,0,0,13.84,234.79
2020-05-14-US-MTV-1,Pixel4,1.27353E+12,37.42338712,-122.0911925,33.27,697.44,0,0,13.84,230.19
2020-05-14-US-MTV-1,Pixel4,1.27353E+12,37.42329523,-122.0912977,33.14,698.44,0,0,13.79,225.39
2020-05-14-US-MTV-1,Pixel4,1.27353E+12,37.42319686,-122.0913912,33.03,699.44,0,0,13.68,220.03
2020-05-14-US-MTV-1,Pixel4,1.27353E+12,37.42309522,-122.0914764,33,700.44,0,0,13.48,218.06
2020-05-14-US-MTV-1,Pixel4,1.27353E+12,37.42299706,-122.0915613,33.06,701.44,0,0,12.82,221.29
2020-05-14-US-MTV-1,Pixel4,1.27353E+12,37.42291208,-122.0916551,33.13,702.44,0,0,12.4,229.64
2020-05-14-US-MTV-1,Pixel4,1.27353E+12,37.42284156,-122.0917615,33.25,703.44,0,0,12.04,238.74
2020-05-14-US-MTV-1,Pixel4,1.27353E+12,37.42278607,-122.0918775,33.43,704.44,0,0,11.94,245.83
2020-05-14-US-MTV-1,Pixel4,1.27353E+12,37.42273642,-122.0920004,33.58,705.44,0,0,12.47,248.88
2020-05-14-US-MTV-1,Pixel4,1.27353E+12,37.42268775,-122.0921308,33.74,706.44,0,0,13.04,249.94
2020-05-14-US-MTV-1,Pixel4,1.27353E+12,37.42263728,-122.0922677,33.79,707.44,0,0,13.71,250.1
2020-05-14-US-MTV-1,Pixel4,1.27353E+12,37.42258551,-122.0924125,33.83,708.44,0,0,14.37,251.1
2020-05-14-US-MTV-1,Pixel4,1.27353E+12,37.42253231,-122.0925642,33.85,709.44,0,0,14.82,251.3
2020-05-14-US-MTV-1,Pixel4,1.27353E+12,37.42247974,-122.0927171,33.91,710.44,0,0,14.64,251.5
2020-05-14-US-MTV-1,Pixel4,1.27353E+12,37.42242841,-122.0928678,33.97,711.44,0,0,14.35,252.04
2020-05-14-US-MTV-1,Pixel4,1.27353E+12,37.42238091,-122.0930178,33.99,712.44,0,0,14.25,254.13
2020-05-14-US-MTV-1,Pixel4,1.27353E+12,37.42233902,-122.0931694,34.02,713.44,0,0,14.1,256.73
2020-05-14-US-MTV-1,Pixel4,1.27353E+12,37.42230541,-122.0933226,33.9,714.44,0,0,13.99,261.99
2020-05-14-US-MTV-1,Pixel4,1.27353E+12,37.42228842,-122.0934787,33.8,715.44,0,0,13.84,270.08
2020-05-14-US-MTV-1,Pixel4,1.27353E+12,37.42229489,-122.0936339,33.73,716.44,0,0,13.66,283.15
2020-05-14-US-MTV-1,Pixel4,1.27353E+12,37.42232921,-122.0937817,33.7,717.44,0,0,13.63,295.42
2020-05-14-US-MTV-1,Pixel4,1.27353E+12,37.42238454,-122.0939213,33.84,718.44,0,0,14.01,304.54
2020-05-14-US-MTV-1,Pixel4,1.27353E+12,37.4224557,-122.0940556,33.91,719.44,0,0,14.48,310.53
2020-05-14-US-MTV-1,Pixel4,1.27353E+12,37.42253666,-122.0941879,33.93,720.44,0,0,14.99,312.8
2020-05-14-US-MTV-1,Pixel4,1.27353E+12,37.42262249,-122.0943229,33.9,721.44,0,0,15.56,313.74
2020-05-14-US-MTV-1,Pixel4,1.27353E+12,37.42271274,-122.0944607,33.87,722.44,0,0,16,314.68
2020-05-14-US-MTV-1,Pixel4,1.27353E+12,37.42280746,-122.0946006,33.85,723.44,0,0,16.48,315.24
2020-05-14-US-MTV-1,Pixel4,1.27353E+12,37.42290607,-122.0947439,33.82,724.44,0,0,17,315.5
2020-05-14-US-MTV-1,Pixel4,1.27353E+12,37.42300758,-122.094892,33.81,725.44,0,0,17.54,315.4
2020-05-14-US-MTV-1,Pixel4,1.27353E+12,37.42311203,-122.0950446,33.8,726.44,0,0,18.03,315.3
2020-05-14-US-MTV-1,Pixel4,1.27353E+12,37.42321901,-122.0952018,33.8,727.44,0,0,18.54,315.2
2020-05-14-US-MTV-1,Pixel4,1.27353E+12,37.42332945,-122.095364,33.81,728.44,0,0,19.41,315.78
2020-05-14-US-MTV-1,Pixel4,1.27353E+12,37.42344988,-122.0955325,33.81,729.44,0,0,20.57,317.1
2020-05-14-US-MTV-1,Pixel4,1.27353E+12,37.42357882,-122.0957092,33.8,730.44,0,0,21.8,317.2
2020-05-14-US-MTV-1,Pixel4,1.27353E+12,37.42371564,-122.0958965,33.76,731.44,0,0,23.14,317.3
2020-05-14-US-MTV-1,Pixel4,1.27353E+12,37.42386051,-122.0960941,33.72,732.44,0,0,24.32,317.5
2020-05-14-US-MTV-1,Pixel4,1.27353E+12,37.42401198,-122.0962979,33.62,733.44,0,0,24.87,317.8
2020-05-14-US-MTV-1,Pixel4,1.27353E+12,37.42416474,-122.0965038,33.53,734.44,0,0,24.83,317.34
2020-05-14-US-MTV-1,Pixel4,1.27353E+12,37.42431548,-122.0967091,33.51,735.44,0,0,24.54,317.16
2020-05-14-US-MTV-1,Pixel4,1.27353E+12,37.42446278,-122.0969137,33.52,736.44,0,0,24.21,316.36
2020-05-14-US-MTV-1,Pixel4,1.27353E+12,37.42460725,-122.097117,33.51,737.44,0,0,24,316.6
2020-05-14-US-MTV-1,Pixel4,1.27353E+12,37.42475295,-122.0973176,33.51,738.44,0,0,24.02,317.44
2020-05-14-US-MTV-1,Pixel4,1.27353E+12,37.42490309,-122.0975145,33.5,739.44,0,0,24.15,319.38
2020-05-14-US-MTV-1,Pixel4,1.27353E+12,37.42505906,-122.0977061,33.47,740.44,0,0,24.28,320.84
2020-05-14-US-MTV-1,Pixel4,1.27353E+12,37.42521807,-122.0978955,33.44,741.44,0,0,24.38,321.54
2020-05-14-US-MTV-1,Pixel4,1.27353E+12,37.42537991,-122.0980836,33.41,742.44,0,0,24.56,322.24
2020-05-14-US-MTV-1,Pixel4,1.27353E+12,37.42554479,-122.0982708,33.4,743.44,0,0,24.74,322.9
2020-05-14-US-MTV-1,Pixel4,1.27353E+12,37.4257125,-122.0984569,33.37,744.44,0,0,24.9,323.5
2020-05-14-US-MTV-1,Pixel4,1.27353E+12,37.42588284,-122.0986417,33.38,745.44,0,0,25,324.14
2020-05-14-US-MTV-1,Pixel4,1.27353E+12,37.42605534,-122.0988248,33.39,746.44,0,0,25.1,324.8
2020-05-14-US-MTV-1,Pixel4,1.27353E+12,37.4262295,-122.0990063,33.4,747.44,0,0,25.16,325.24
2020-05-14-US-MTV-1,Pixel4,1.27353E+12,37.42640575,-122.099186,33.39,748.44,10.17,0,25.21,325.9
2020-05-14-US-MTV-1,Pixel4,1.27353E+12,37.42658297,-122.0993656,33.38,749.44,23.64,0,25.31,325.56
2020-05-14-US-MTV-1,Pixel4,1.27353E+12,37.42675927,-122.0995468,33.32,750.44,24.54,0,25.26,325.26
2020-05-14-US-MTV-1,Pixel4,1.27353E+12,37.42693366,-122.099729,33.29,751.44,24.6,0,25.1,324.56
2020-05-14-US-MTV-1,Pixel4,1.27353E+12,37.4271064,-122.099912,33.26,752.44,24.6,0,25.05,324.6
2020-05-14-US-MTV-1,Pixel4,1.27353E+12,37.42727856,-122.1000953,33.24,753.44,24.6,0,25.05,324.4
2020-05-14-US-MTV-1,Pixel4,1.27353E+12,37.42745084,-122.1002789,33.22,754.44,24.7,0,25.1,324.5
2020-05-14-US-MTV-1,Pixel4,1.27353E+12,37.42762376,-122.1004624,33.18,755.44,20.48,0,25.16,324.4
2020-05-14-US-MTV-1,Pixel4,1.27353E+12,37.42779692,-122.1006464,33.17,756.44,15.1,0,25.21,324.5
2020-05-14-US-MTV-1,Pixel4,1.27353E+12,37.42797037,-122.1008297,33.12,757.44,15.1,0,25.1,324.7
2020-05-14-US-MTV-1,Pixel4,1.27353E+12,37.42814274,-122.1010112,33.05,758.44,9.7,0,24.83,324.7
2020-05-14-US-MTV-1,Pixel4,1.27353E+12,37.42831294,-122.1011911,32.96,759.44,8.45,0,24.59,324.6
2020-05-14-US-MTV-1,Pixel4,1.27353E+12,37.42848178,-122.1013702,32.91,760.44,8.57,0,24.49,324.5
2020-05-14-US-MTV-1,Pixel4,1.27353E+12,37.42865023,-122.1015479,32.91,761.44,0,0,24.38,324.9
2020-05-14-US-MTV-1,Pixel4,1.27353E+12,37.4288187,-122.1017234,32.99,762.44,0,0,24.28,325.1
2020-05-14-US-MTV-1,Pixel4,1.27353E+12,37.4289865,-122.1018986,33.04,763.44,0,0,24.23,324.9
2020-05-14-US-MTV-1,Pixel4,1.27353E+12,37.42915346,-122.1020742,33.08,764.44,187.21,0,24.13,324.8
2020-05-14-US-MTV-1,Pixel4,1.27353E+12,37.42932024,-122.1022491,33.09,765.44,425.03,0,24.13,324.9
2020-05-14-US-MTV-1,Pixel4,1.27353E+12,37.42948704,-122.1024241,33.1,766.44,242.49,0,24.18,324.7
2020-05-14-US-MTV-1,Pixel4,1.27353E+12,37.42965372,-122.1026001,33.13,767.44,7.05,0,24.23,324.7
2020-05-14-US-MTV-1,Pixel4,1.27353E+12,37.4298214,-122.1027768,33.17,768.44,2.62,0,24.41,324.9
2020-05-14-US-MTV-1,Pixel4,1.27353E+12,37.42999132,-122.1029536,33.16,769.44,1.7,0,24.59,325.2
2020-05-14-US-MTV-1,Pixel4,1.27353E+12,37.43016252,-122.1031315,33.18,770.44,1.7,0,24.77,325
2020-05-14-US-MTV-1,Pixel4,1.27353E+12,37.43033481,-122.1033109,33.21,771.44,1.7,0,24.95,324.96
2020-05-14-US-MTV-1,Pixel4,1.27353E+12,37.43050769,-122.1034928,33.21,772.44,1.7,0,25.16,324.7
2020-05-14-US-MTV-1,Pixel4,1.27353E+12,37.43068176,-122.1036762,33.3,773.44,1.6,0,25.31,324.8
2020-05-14-US-MTV-1,Pixel4,1.27353E+12,37.43085718,-122.1038603,33.4,774.44,1.5,0,25.46,324.9
2020-05-14-US-MTV-1,Pixel4,1.27353E+12,37.43103332,-122.1040448,33.65,775.44,1.6,0,25.52,324.8
2020-05-14-US-MTV-1,Pixel4,1.27353E+12,37.43120877,-122.1042311,33.95,776.44,1.6,0,25.52,324.44
2020-05-14-US-MTV-1,Pixel4,1.27353E+12,37.43138448,-122.1044173,34.27,777.44,1.5,0,25.52,324.7
2020-05-14-US-MTV-1,Pixel4,1.27353E+12,37.43156153,-122.1046037,34.6,778.44,1.5,0,25.8,324.9
2020-05-14-US-MTV-1,Pixel4,1.27353E+12,37.43174111,-122.1047915,34.84,779.44,1.5,0,26.1,325
2020-05-14-US-MTV-1,Pixel4,1.27353E+12,37.43192289,-122.1049815,35.03,780.44,1.5,0,26.41,325
2020-05-14-US-MTV-1,Pixel4,1.27353E+12,37.43210696,-122.1051735,35.11,781.44,1.5,0,26.72,324.96
2020-05-14-US-MTV-1,Pixel4,1.27353E+12,37.43229255,-122.1053689,35.11,782.44,1.6,0,27.01,324.66
2020-05-14-US-MTV-1,Pixel4,1.27353E+12,37.43247887,-122.1055661,35.07,783.44,1.6,0,27.11,324.8
2020-05-14-US-MTV-1,Pixel4,1.27353E+12,37.43266612,-122.105763,34.89,784.44,1.6,0,27.11,324.8
2020-05-14-US-MTV-1,Pixel4,1.27353E+12,37.43285321,-122.1059606,34.62,785.44,1.6,0,27.16,324.6
2020-05-14-US-MTV-1,Pixel4,1.27353E+12,37.43304065,-122.1061584,34.29,786.44,1.6,0,27.21,324.8
2020-05-14-US-MTV-1,Pixel4,1.27353E+12,37.43322875,-122.106356,33.98,787.44,1.5,0,27.27,324.9
2020-05-14-US-MTV-1,Pixel4,1.27353E+12,37.43341753,-122.1065535,33.69,788.44,1.4,0,27.32,324.9
2020-05-14-US-MTV-1,Pixel4,1.27353E+12,37.43360657,-122.1067519,33.49,789.44,1.4,0,27.42,324.76
2020-05-14-US-MTV-1,Pixel4,1.27353E+12,37.43379586,-122.1069515,33.42,790.44,1.16,0,27.52,324.8
2020-05-14-US-MTV-1,Pixel4,1.27353E+12,37.43398624,-122.1071513,33.42,791.44,1.04,0,27.6,325
2020-05-14-US-MTV-1,Pixel4,1.27353E+12,37.43417747,-122.107352,33.41,792.44,1.3,0,27.75,324.9
2020-05-14-US-MTV-1,Pixel4,1.27353E+12,37.43436982,-122.1075535,33.39,793.44,1.44,0,27.88,325
2020-05-14-US-MTV-1,Pixel4,1.27353E+12,37.43456313,-122.107756,33.41,794.44,1.6,0,28.01,324.8
2020-05-14-US-MTV-1,Pixel4,1.27353E+12,37.43475688,-122.10796,33.39,795.44,1.4,0,28.14,324.84
2020-05-14-US-MTV-1,Pixel4,1.27353E+12,37.43495203,-122.108164,33.39,796.44,1.1,0,28.26,325
2020-05-14-US-MTV-1,Pixel4,1.27353E+12,37.43514805,-122.1083688,33.42,797.44,1.1,0,28.35,325
2020-05-14-US-MTV-1,Pixel4,1.27353E+12,37.43534467,-122.1085743,33.41,798.44,2.63,0,28.45,324.9
2020-05-14-US-MTV-1,Pixel4,1.27353E+12,37.43554165,-122.108781,33.38,799.44,4.5,0,28.55,324.8
2020-05-14-US-MTV-1,Pixel4,1.27353E+12,37.43573928,-122.1089884,33.38,800.44,3.37,0,28.65,324.9
2020-05-14-US-MTV-1,Pixel4,1.27353E+12,37.43593783,-122.109196,33.4,801.44,1.9,0,28.73,325
2020-05-14-US-MTV-1,Pixel4,1.27353E+12,37.43613696,-122.1094045,33.42,802.44,1.4,0,28.86,324.94
2020-05-14-US-MTV-1,Pixel4,1.27353E+12,37.43633727,-122.1096138,33.44,803.44,1,0,29.01,324.9
2020-05-14-US-MTV-1,Pixel4,1.27353E+12,37.43653827,-122.1098246,33.46,804.44,1,0,29.17,324.9
2020-05-14-US-MTV-1,Pixel4,1.27353E+12,37.43674001,-122.1100368,33.46,805.44,1,0,29.27,324.7
2020-05-14-US-MTV-1,Pixel4,1.27353E+12,37.43694238,-122.1102502,33.49,806.44,1.04,0,29.37,324.8
2020-05-14-US-MTV-1,Pixel4,1.27353E+12,37.43714564,-122.1104635,33.53,807.44,1.4,0,29.43,324.8
2020-05-14-US-MTV-1,Pixel4,1.27353E+12,37.43734899,-122.1106772,33.54,808.44,1.8,0,29.48,324.86
2020-05-14-US-MTV-1,Pixel4,1.27353E+12,37.43755292,-122.110891,33.58,809.44,1.8,0,29.55,325
2020-05-14-US-MTV-1,Pixel4,1.27353E+12,37.43775741,-122.1111056,33.63,810.44,1.8,0,29.63,324.8
2020-05-14-US-MTV-1,Pixel4,1.27353E+12,37.43796273,-122.1113209,33.64,811.44,1.8,0,29.79,324.9
2020-05-14-US-MTV-1,Pixel4,1.27353E+12,37.43816897,-122.1115369,33.66,812.44,1.5,0,29.86,324.9
2020-05-14-US-MTV-1,Pixel4,1.27353E+12,37.43837561,-122.1117538,33.69,813.44,1.1,0,29.94,324.8
2020-05-14-US-MTV-1,Pixel4,1.27353E+12,37.43858246,-122.1119708,33.7,814.44,1.1,0,29.89,325.04
2020-05-14-US-MTV-1,Pixel4,1.27353E+12,37.43878945,-122.1121861,33.7,815.44,1.1,0,29.79,325.16
2020-05-14-US-MTV-1,Pixel4,1.27353E+12,37.43899544,-122.1124006,33.78,816.44,1.2,0,29.68,324.9
2020-05-14-US-MTV-1,Pixel4,1.27353E+12,37.43919997,-122.112616,33.98,817.44,1.2,0,29.61,324.6
2020-05-14-US-MTV-1,Pixel4,1.27353E+12,37.43940363,-122.1128311,34.27,818.44,1,0,29.48,324.8
2020-05-14-US-MTV-1,Pixel4,1.27353E+12,37.43960688,-122.1130448,34.56,819.44,0.8,0,29.35,324.74
2020-05-14-US-MTV-1,Pixel4,1.27353E+12,37.43980865,-122.1132574,34.84,820.44,0.8,0,29.1,324.7
2020-05-14-US-MTV-1,Pixel4,1.27353E+12,37.44000803,-122.1134675,34.99,821.44,0.8,0,28.71,324.8
2020-05-14-US-MTV-1,Pixel4,1.27353E+12,37.44020494,-122.1136741,34.99,822.44,1,0,28.27,324.9
2020-05-14-US-MTV-1,Pixel4,1.27353E+12,37.44039881,-122.1138769,35.02,823.44,1,0,27.76,324.9
2020-05-14-US-MTV-1,Pixel4,1.27353E+12,37.44058928,-122.114077,34.76,824.44,1,0,27.37,324.9
2020-05-14-US-MTV-1,Pixel4,1.27353E+12,37.44077712,-122.114274,34.44,825.44,1.1,0,26.99,324.8
2020-05-14-US-MTV-1,Pixel4,1.27353E+12,37.44096209,-122.1144683,34.15,826.44,1.14,0,26.58,324.8
2020-05-14-US-MTV-1,Pixel4,1.27353E+12,37.44114431,-122.1146603,33.9,827.44,1.2,0,26.24,324.8
2020-05-14-US-MTV-1,Pixel4,1.27353E+12,37.44132405,-122.1148497,33.79,828.44,1.06,0,25.85,324.8
2020-05-14-US-MTV-1,Pixel4,1.27353E+12,37.44150141,-122.1150361,33.76,829.44,0.9,0,25.49,324.76
2020-05-14-US-MTV-1,Pixel4,1.27353E+12,37.44167588,-122.11522,33.78,830.44,0.9,0,25.1,324.7
2020-05-14-US-MTV-1,Pixel4,1.27353E+12,37.44184825,-122.1154008,33.8,831.44,0.9,0,24.77,325.1
2020-05-14-US-MTV-1,Pixel4,1.27353E+12,37.44201895,-122.1155786,33.79,832.44,0.9,0,24.49,325
2020-05-14-US-MTV-1,Pixel4,1.27353E+12,37.44218727,-122.1157553,33.79,833.44,0.9,0,24.23,324.7
2020-05-14-US-MTV-1,Pixel4,1.27353E+12,37.44235411,-122.1159316,33.79,834.44,0.9,0,24.3,324.8
2020-05-14-US-MTV-1,Pixel4,1.27353E+12,37.44252275,-122.1161083,33.79,835.44,0.9,0,24.49,324.86
2020-05-14-US-MTV-1,Pixel4,1.27353E+12,37.4426921,-122.1162869,33.78,836.44,0.9,0,24.64,324.7
2020-05-14-US-MTV-1,Pixel4,1.27353E+12,37.44286142,-122.1164657,33.77,837.44,0.9,0,24.49,324.7
2020-05-14-US-MTV-1,Pixel4,1.27353E+12,37.44302959,-122.1166424,33.75,838.44,1.34,0,24.21,325
2020-05-14-US-MTV-1,Pixel4,1.27353E+12,37.44319618,-122.1168159,33.76,839.44,1.9,0,23.87,325.1
2020-05-14-US-MTV-1,Pixel4,1.27353E+12,37.44336072,-122.1169874,33.78,840.44,2,0,23.66,324.96
2020-05-14-US-MTV-1,Pixel4,1.27353E+12,37.44352364,-122.1171592,33.77,841.44,2.1,0,23.61,324.7
2020-05-14-US-MTV-1,Pixel4,1.27353E+12,37.44368734,-122.1173309,33.77,842.44,1.66,0,23.74,325.1
2020-05-14-US-MTV-1,Pixel4,1.27353E+12,37.44385236,-122.1175028,33.79,843.44,1.1,0,23.87,325.1
2020-05-14-US-MTV-1,Pixel4,1.27353E+12,37.44401727,-122.1176752,33.74,844.44,0.9,0,23.77,324.86
2020-05-14-US-MTV-1,Pixel4,1.27353E+12,37.44418047,-122.1178467,33.74,845.44,0.7,0,23.49,324.8
2020-05-14-US-MTV-1,Pixel4,1.27353E+12,37.44434157,-122.1180161,33.72,846.44,0.7,0,23.18,324.76
2020-05-14-US-MTV-1,Pixel4,1.27353E+12,37.44450003,-122.1181838,33.69,847.44,0.7,0,22.87,324.6
2020-05-14-US-MTV-1,Pixel4,1.27353E+12,37.44465672,-122.1183489,33.68,848.44,0.74,0,22.61,325.04
2020-05-14-US-MTV-1,Pixel4,1.27353E+12,37.44481338,-122.1185117,33.65,849.44,0.8,0,22.58,325.1
2020-05-14-US-MTV-1,Pixel4,1.27353E+12,37.44496958,-122.1186752,33.67,850.44,0.9,0,22.58,324.76
2020-05-14-US-MTV-1,Pixel4,1.27353E+12,37.44512527,-122.1188396,33.65,851.44,1,0,22.53,324.6
2020-05-14-US-MTV-1,Pixel4,1.27353E+12,37.44527926,-122.1190038,33.63,852.44,1.1,0,22.31,324.4
2020-05-14-US-MTV-1,Pixel4,1.27353E+12,37.44543183,-122.1191658,33.62,853.44,1.4,0,22.07,324.8
2020-05-14-US-MTV-1,Pixel4,1.27353E+12,37.44558382,-122.1193252,33.62,854.44,1.7,0,21.92,324.9
2020-05-14-US-MTV-1,Pixel4,1.27353E+12,37.44573487,-122.1194833,33.62,855.44,1.7,0,21.74,325.1
2020-05-14-US-MTV-1,Pixel4,1.27353E+12,37.44588462,-122.1196393,33.63,856.44,1.7,0,21.48,324.96
2020-05-14-US-MTV-1,Pixel4,1.27353E+12,37.44603219,-122.1197938,33.63,857.44,1.7,0,21.2,325
2020-05-14-US-MTV-1,Pixel4,1.27353E+12,37.44617811,-122.119946,33.64,858.44,1.7,0,20.92,325.1
2020-05-14-US-MTV-1,Pixel4,1.27353E+12,37.44632222,-122.120096,33.65,859.44,1.7,0,20.63,325.04
2020-05-14-US-MTV-1,Pixel4,1.27353E+12,37.44646429,-122.1202444,33.64,860.44,1.4,0,20.4,324.9
2020-05-14-US-MTV-1,Pixel4,1.27353E+12,37.44660429,-122.1203914,33.63,861.44,1,0,20.14,324.8
2020-05-14-US-MTV-1,Pixel4,1.27353E+12,37.44674272,-122.1205365,33.62,862.44,0.8,0,19.96,324.9
2020-05-14-US-MTV-1,Pixel4,1.27353E+12,37.44688111,-122.1206816,33.61,863.44,0.8,0,20.11,324.9
2020-05-14-US-MTV-1,Pixel4,1.27353E+12,37.44702084,-122.120828,33.6,864.44,0.56,0,20.32,325
2020-05-14-US-MTV-1,Pixel4,1.27353E+12,37.4471622,-122.1209754,33.6,865.44,0,0,20.53,325
2020-05-14-US-MTV-1,Pixel4,1.27353E+12,37.44730505,-122.1211248,33.6,866.44,0,0,20.75,324.9
2020-05-14-US-MTV-1,Pixel4,1.27353E+12,37.44744943,-122.1212768,33.6,867.44,0,0,21.06,324.8
2020-05-14-US-MTV-1,Pixel4,1.27353E+12,37.44759577,-122.1214311,33.61,868.44,0,0,21.35,324.8
2020-05-14-US-MTV-1,Pixel4,1.27353E+12,37.44774397,-122.121588,33.59,869.44,0,0,21.66,324.5
2020-05-14-US-MTV-1,Pixel4,1.27353E+12,37.44789421,-122.1217467,33.6,870.44,0,0,21.94,324.94
2020-05-14-US-MTV-1,Pixel4,1.27353E+12,37.44804718,-122.1219061,33.63,871.44,0,0,22.17,325.2
2020-05-14-US-MTV-1,Pixel4,1.27353E+12,37.44820028,-122.1220659,33.72,872.44,0.74,0,22.02,325.1
2020-05-14-US-MTV-1,Pixel4,1.27353E+12,37.44835209,-122.1222246,33.8,873.44,1.6,0,21.86,325
2020-05-14-US-MTV-1,Pixel4,1.27353E+12,37.44850316,-122.1223819,33.89,874.44,1.5,0,21.76,325.1
2020-05-14-US-MTV-1,Pixel4,1.27353E+12,37.44865328,-122.1225384,33.92,875.44,1.5,0,21.59,325
2020-05-14-US-MTV-1,Pixel4,1.27353E+12,37.44880156,-122.1226938,34.02,876.44,1.7,0,21.28,324.9
2020-05-14-US-MTV-1,Pixel4,1.27353E+12,37.44894758,-122.1228469,34.11,877.44,0.96,0,20.97,324.9
2020-05-14-US-MTV-1,Pixel4,1.27353E+12,37.4490916,-122.1229978,34.21,878.44,0,0,20.71,324.9
2020-05-14-US-MTV-1,Pixel4,1.27353E+12,37.44923424,-122.1231474,34.3,879.44,0,0,20.58,324.9
2020-05-14-US-MTV-1,Pixel4,1.27353E+12,37.44937616,-122.1232963,34.44,880.44,5.06,0,20.53,324.9
2020-05-14-US-MTV-1,Pixel4,1.27353E+12,37.44951806,-122.1234456,34.54,881.44,11.5,0,20.6,324.7
2020-05-14-US-MTV-1,Pixel4,1.27353E+12,37.44966042,-122.1235959,34.64,882.44,7.52,0,20.68,324.74
2020-05-14-US-MTV-1,Pixel4,1.27353E+12,37.44980344,-122.1237468,34.71,883.44,3.28,0,20.78,324.7
2020-05-14-US-MTV-1,Pixel4,1.27353E+12,37.44994707,-122.1238985,34.8,884.44,2.97,0,20.89,324.7
2020-05-14-US-MTV-1,Pixel4,1.27353E+12,37.45009127,-122.124051,34.91,885.44,1.84,0,20.94,324.7
2020-05-14-US-MTV-1,Pixel4,1.27353E+12,37.45023503,-122.1242029,35.01,886.44,2.3,0,20.78,324.8
2020-05-14-US-MTV-1,Pixel4,1.27353E+12,37.45037761,-122.1243532,35.13,887.44,2.3,0,20.56,324.76
2020-05-14-US-MTV-1,Pixel4,1.27353E+12,37.45051796,-122.1245023,35.27,888.44,2.3,0,20.3,324.36
2020-05-14-US-MTV-1,Pixel4,1.27353E+12,37.45065571,-122.1246521,35.37,889.44,2.4,0,20.22,323.66
2020-05-14-US-MTV-1,Pixel4,1.27353E+12,37.45079187,-122.1248037,35.43,890.44,2.06,0,20.27,323
2020-05-14-US-MTV-1,Pixel4,1.27353E+12,37.45092829,-122.1249578,35.52,891.44,1.6,0,20.5,322.66
2020-05-14-US-MTV-1,Pixel4,1.27353E+12,37.45106507,-122.1251152,35.62,892.44,1.6,0,20.7,322.06
2020-05-14-US-MTV-1,Pixel4,1.27353E+12,37.45120167,-122.1252764,35.72,893.44,1.64,0,20.94,321.06
2020-05-14-US-MTV-1,Pixel4,1.27353E+12,37.45133748,-122.1254422,35.81,894.44,1.7,0,21.17,320.4
2020-05-14-US-MTV-1,Pixel4,1.27353E+12,37.45147346,-122.1256117,35.88,895.44,1.7,0,21.4,319.46
2020-05-14-US-MTV-1,Pixel4,1.27353E+12,37.45160771,-122.1257862,35.97,896.44,1.7,0,21.56,318.46
2020-05-14-US-MTV-1,Pixel4,1.27353E+12,37.45174125,-122.1259644,36.05,897.44,1.7,0,21.73,317.76
2020-05-14-US-MTV-1,Pixel4,1.27353E+12,37.45187363,-122.1261467,36.13,898.44,1.7,0,21.92,316.66
2020-05-14-US-MTV-1,Pixel4,1.27353E+12,37.45200445,-122.1263329,36.24,899.44,1.7,0,22.02,316.1
2020-05-14-US-MTV-1,Pixel4,1.27353E+12,37.45213481,-122.1265214,36.32,900.44,1.7,0,22.1,315.4
2020-05-14-US-MTV-1,Pixel4,1.27353E+12,37.45226228,-122.1267126,36.49,901.44,1.7,0,22.02,314.06
2020-05-14-US-MTV-1,Pixel4,1.27353E+12,37.45238652,-122.1269054,36.71,902.44,1.7,0,21.84,313.5
2020-05-14-US-MTV-1,Pixel4,1.27353E+12,37.45250773,-122.1270975,36.93,903.44,1.7,0,21.53,312.9
2020-05-14-US-MTV-1,Pixel4,1.27353E+12,37.45262553,-122.1272887,37.08,904.44,1.5,0,21.22,312.26
2020-05-14-US-MTV-1,Pixel4,1.27353E+12,37.4527396,-122.1274792,37.24,905.44,1.2,0,20.94,311.36
2020-05-14-US-MTV-1,Pixel4,1.27353E+12,37.45285063,-122.1276694,37.33,906.44,1.2,0,20.81,310.9
2020-05-14-US-MTV-1,Pixel4,1.27353E+12,37.45296095,-122.1278594,37.4,907.44,1.2,0,20.83,311
2020-05-14-US-MTV-1,Pixel4,1.27353E+12,37.45307262,-122.12805,37.36,908.44,1.2,0,21.01,311.34
2020-05-14-US-MTV-1,Pixel4,1.27353E+12,37.45318607,-122.1282415,37.21,909.44,1.2,0,21.22,311.5
2020-05-14-US-MTV-1,Pixel4,1.27353E+12,37.45330104,-122.128435,37.02,910.44,1.3,0,21.45,311.5
2020-05-14-US-MTV-1,Pixel4,1.27353E+12,37.45341692,-122.1286299,36.83,911.44,1.3,0,21.5,311.3
2020-05-14-US-MTV-1,Pixel4,1.27353E+12,37.45353136,-122.1288245,36.78,912.44,1.2,0,21.3,311.1
2020-05-14-US-MTV-1,Pixel4,1.27353E+12,37.45364448,-122.129017,36.77,913.44,1.1,0,21.02,311.3
2020-05-14-US-MTV-1,Pixel4,1.27353E+12,37.45375617,-122.129207,36.77,914.44,1.2,0,20.78,311.06
2020-05-14-US-MTV-1,Pixel4,1.27353E+12,37.45386676,-122.1293961,36.77,915.44,1.2,0,20.73,311.1
2020-05-14-US-MTV-1,Pixel4,1.27353E+12,37.45397756,-122.1295844,36.75,916.44,1.88,0,20.73,311.3
2020-05-14-US-MTV-1,Pixel4,1.27353E+12,37.45408816,-122.1297735,36.73,917.44,2.8,0,20.81,310.9
2020-05-14-US-MTV-1,Pixel4,1.27353E+12,37.45419919,-122.1299639,36.72,918.44,4.81,0,20.94,311
2020-05-14-US-MTV-1,Pixel4,1.27353E+12,37.4543109,-122.1301558,36.71,919.44,7.4,0,21.09,310.8
2020-05-14-US-MTV-1,Pixel4,1.27353E+12,37.45442329,-122.1303492,36.69,920.44,5.33,0,21.25,310.9
2020-05-14-US-MTV-1,Pixel4,1.27353E+12,37.45453638,-122.1305443,36.69,921.44,2.7,0,21.4,310.84
2020-05-14-US-MTV-1,Pixel4,1.27353E+12,37.45465055,-122.1307402,36.69,922.44,2.5,0,21.56,311
2020-05-14-US-MTV-1,Pixel4,1.27353E+12,37.45476546,-122.1309373,36.68,923.44,2.4,0,21.68,310.9
2020-05-14-US-MTV-1,Pixel4,1.27353E+12,37.45488085,-122.1311358,36.68,924.44,2.1,0,21.76,310.9
2020-05-14-US-MTV-1,Pixel4,1.27353E+12,37.45499679,-122.1313349,36.67,925.44,1.7,0,21.86,310.9
2020-05-14-US-MTV-1,Pixel4,1.27353E+12,37.45511304,-122.1315347,36.63,926.44,1.6,0,21.92,310.9
2020-05-14-US-MTV-1,Pixel4,1.27353E+12,37.45522948,-122.1317357,36.64,927.44,1.6,0,22.02,310.8
2020-05-14-US-MTV-1,Pixel4,1.27353E+12,37.45534735,-122.1319371,36.65,928.44,1.6,0,22.17,311.34
2020-05-14-US-MTV-1,Pixel4,1.27353E+12,37.45546712,-122.1321387,36.63,929.44,1.6,0,22.33,311.5
2020-05-14-US-MTV-1,Pixel4,1.27353E+12,37.4555879,-122.1323417,36.6,930.44,1.6,0,22.48,311.46
2020-05-14-US-MTV-1,Pixel4,1.27353E+12,37.4557087,-122.1325466,36.57,931.44,1.6,0,22.64,311.1
2020-05-14-US-MTV-1,Pixel4,1.27353E+12,37.45582997,-122.132753,36.56,932.44,1.46,0,22.74,311.3
2020-05-14-US-MTV-1,Pixel4,1.27353E+12,37.45595182,-122.1329594,36.55,933.44,1.3,0,22.67,311.3
2020-05-14-US-MTV-1,Pixel4,1.27353E+12,37.45607292,-122.1331643,36.55,934.44,1.3,0,22.46,311.4
2020-05-14-US-MTV-1,Pixel4,1.27353E+12,37.4561932,-122.1333664,36.59,935.44,1.3,0,22.17,311.6
2020-05-14-US-MTV-1,Pixel4,1.27353E+12,37.45631187,-122.1335659,36.67,936.44,1.34,0,21.89,311.4
2020-05-14-US-MTV-1,Pixel4,1.27353E+12,37.45642839,-122.1337642,36.73,937.44,1.4,0,21.74,311
2020-05-14-US-MTV-1,Pixel4,1.27353E+12,37.45654389,-122.1339617,36.85,938.44,1.3,0,21.66,311.1
2020-05-14-US-MTV-1,Pixel4,1.27353E+12,37.45666008,-122.1341581,36.94,939.44,1.3,0,21.64,311.54
2020-05-14-US-MTV-1,Pixel4,1.27353E+12,37.45677677,-122.1343538,37.04,940.44,1.3,0,21.61,311.5
2020-05-14-US-MTV-1,Pixel4,1.27353E+12,37.456893,-122.1345499,37.13,941.44,2.28,0,21.66,311.4
2020-05-14-US-MTV-1,Pixel4,1.27353E+12,37.45700929,-122.1347468,37.25,942.44,1.93,0,21.71,311.3
2020-05-14-US-MTV-1,Pixel4,1.27353E+12,37.45712559,-122.1349451,37.36,943.44,0,0,21.81,311.1
2020-05-14-US-MTV-1,Pixel4,1.27353E+12,37.45724199,-122.1351446,37.45,944.44,0,0,21.92,311.14
2020-05-14-US-MTV-1,Pixel4,1.27353E+12,37.45735987,-122.1353441,37.57,945.44,1.18,0,22.02,311.5
2020-05-14-US-MTV-1,Pixel4,1.27353E+12,37.45747898,-122.1355442,37.68,946.44,2.46,0,22.12,311.5
2020-05-14-US-MTV-1,Pixel4,1.27353E+12,37.457598,-122.1357454,37.8,947.44,2.2,0,22.22,311.3
2020-05-14-US-MTV-1,Pixel4,1.27353E+12,37.45771731,-122.1359481,37.89,948.44,1.96,0,22.38,311.2
2020-05-14-US-MTV-1,Pixel4,1.27353E+12,37.45783703,-122.1361523,37.98,949.44,1.7,0,22.48,311.1
2020-05-14-US-MTV-1,Pixel4,1.27353E+12,37.45795729,-122.1363573,38.07,950.44,1.46,0,22.53,311.2
2020-05-14-US-MTV-1,Pixel4,1.27353E+12,37.45807743,-122.1365622,38.15,951.44,1.4,0,22.43,311.2
2020-05-14-US-MTV-1,Pixel4,1.27353E+12,37.45819731,-122.1367659,38.21,952.44,1.6,0,22.38,311.2
2020-05-14-US-MTV-1,Pixel4,1.27353E+12,37.45831682,-122.1369686,38.31,953.44,1.6,0,22.25,311.4
2020-05-14-US-MTV-1,Pixel4,1.27353E+12,37.4584362,-122.1371699,38.38,954.44,1.6,0,22.15,311.4
2020-05-14-US-MTV-1,Pixel4,1.27353E+12,37.45855448,-122.1373707,38.49,955.44,1.5,0,22.07,311.1
2020-05-14-US-MTV-1,Pixel4,1.27353E+12,37.45867205,-122.1375718,38.56,956.44,1.5,0,22.09,311
2020-05-14-US-MTV-1,Pixel4,1.27353E+12,37.45879017,-122.1377733,38.6,957.44,1.74,0,22.15,311.3
2020-05-14-US-MTV-1,Pixel4,1.27353E+12,37.45890912,-122.1379743,38.59,958.44,2.3,0,22.12,311.4
2020-05-14-US-MTV-1,Pixel4,1.27353E+12,37.45902772,-122.1381748,38.57,959.44,2.6,0,22.05,311.4
2020-05-14-US-MTV-1,Pixel4,1.27353E+12,37.45914603,-122.1383744,38.54,960.44,2.6,0,21.97,311.4
2020-05-14-US-MTV-1,Pixel4,1.27353E+12,37.45926409,-122.1385745,38.49,961.44,2.6,0,22.07,311.1
2020-05-14-US-MTV-1,Pixel4,1.27353E+12,37.45938233,-122.1387762,38.43,962.44,2.26,0,22.28,311.1
2020-05-14-US-MTV-1,Pixel4,1.27353E+12,37.45950185,-122.1389798,38.4,963.44,1.8,0,22.48,311.1
2020-05-14-US-MTV-1,Pixel4,1.27353E+12,37.45962214,-122.1391857,38.36,964.44,1.6,0,22.71,311.1
2020-05-14-US-MTV-1,Pixel4,1.27353E+12,37.45974412,-122.1393934,38.33,965.44,1.3,0,22.91,311.3
2020-05-14-US-MTV-1,Pixel4,1.27353E+12,37.45986726,-122.1396023,38.27,966.44,1.16,0,23.05,311.3
2020-05-14-US-MTV-1,Pixel4,1.27353E+12,37.45999028,-122.1398117,38.24,967.44,1,0,23,311.1
2020-05-14-US-MTV-1,Pixel4,1.27353E+12,37.46011259,-122.1400212,38.2,968.44,1.1,0,22.92,311
2020-05-14-US-MTV-1,Pixel4,1.27353E+12,37.46023437,-122.1402289,38.19,969.44,1.1,0,22.72,311.3
2020-05-14-US-MTV-1,Pixel4,1.27353E+12,37.46035483,-122.1404346,38.17,970.44,1.1,0,22.46,311
2020-05-14-US-MTV-1,Pixel4,1.27353E+12,37.46047318,-122.1406383,38.2,971.44,12.25,0,22.17,310.8
2020-05-14-US-MTV-1,Pixel4,1.27353E+12,37.46059006,-122.1408399,38.24,972.44,14.71,0,21.92,310.94
2020-05-14-US-MTV-1,Pixel4,1.27353E+12,37.46070629,-122.1410385,38.29,973.44,0,0,21.66,311.2
2020-05-14-US-MTV-1,Pixel4,1.27353E+12,37.46082196,-122.1412342,38.33,974.44,0,0,21.43,311.44
2020-05-14-US-MTV-1,Pixel4,1.27353E+12,37.46093627,-122.1414277,38.37,975.44,0,0,21.17,311.3
2020-05-14-US-MTV-1,Pixel4,1.27353E+12,37.46104901,-122.1416191,38.41,976.44,50.63,0,20.94,311.3
2020-05-14-US-MTV-1,Pixel4,1.27353E+12,37.4611607,-122.141808,38.46,977.44,114.5,0,20.68,311.4
2020-05-14-US-MTV-1,Pixel4,1.27353E+12,37.46127097,-122.1419956,38.51,978.44,67.85,0,20.58,311
2020-05-14-US-MTV-1,Pixel4,1.27353E+12,37.46138042,-122.1421837,38.56,979.44,9.2,0,20.63,311
2020-05-14-US-MTV-1,Pixel4,1.27353E+12,37.46149072,-122.1423722,38.6,980.44,5.76,0,20.73,311.1
2020-05-14-US-MTV-1,Pixel4,1.27353E+12,37.46160169,-122.1425615,38.66,981.44,1.1,0,20.86,311.06
2020-05-14-US-MTV-1,Pixel4,1.27353E+12,37.46171317,-122.1427523,38.71,982.44,1.06,0,21.01,311.1
2020-05-14-US-MTV-1,Pixel4,1.27353E+12,37.46182601,-122.1429444,38.74,983.44,1,0,21.22,311.3
2020-05-14-US-MTV-1,Pixel4,1.27353E+12,37.46194069,-122.1431378,38.76,984.44,1.04,0,21.42,311.4
2020-05-14-US-MTV-1,Pixel4,1.27353E+12,37.46205602,-122.1433335,38.75,985.44,1.1,0,21.61,311.06
2020-05-14-US-MTV-1,Pixel4,1.27353E+12,37.46217035,-122.1435315,38.71,986.44,1.1,0,21.61,310.46
2020-05-14-US-MTV-1,Pixel4,1.27353E+12,37.46228338,-122.1437302,38.66,987.44,1.1,0,21.53,310.3
2020-05-14-US-MTV-1,Pixel4,1.27353E+12,37.46239575,-122.1439279,38.59,988.44,1.24,0,21.45,310.26
2020-05-14-US-MTV-1,Pixel4,1.27353E+12,37.46250823,-122.1441248,38.5,989.44,1.4,0,21.45,310.64
2020-05-14-US-MTV-1,Pixel4,1.27353E+12,37.46262214,-122.1443206,38.45,990.44,1.4,0,21.45,311.14
2020-05-14-US-MTV-1,Pixel4,1.27353E+12,37.46273705,-122.1445153,38.42,991.44,1.4,0,21.38,311.3
2020-05-14-US-MTV-1,Pixel4,1.27353E+12,37.46285075,-122.1447083,38.4,992.44,1.4,0,21,311.2
2020-05-14-US-MTV-1,Pixel4,1.27353E+12,37.46296116,-122.1448966,38.4,993.44,1.4,0,20.5,311.06
2020-05-14-US-MTV-1,Pixel4,1.27353E+12,37.46306983,-122.1450824,38.41,994.44,1.3,0,20.27,311.1
2020-05-14-US-MTV-1,Pixel4,1.27353E+12,37.46317752,-122.1452659,38.45,995.44,1.24,0,20.06,311.16
2020-05-14-US-MTV-1,Pixel4,1.27353E+12,37.46328378,-122.1454475,38.53,996.44,1.4,0,19.81,311
2020-05-14-US-MTV-1,Pixel4,1.27353E+12,37.4633885,-122.1456272,38.61,997.44,1.5,0,19.58,311.1
2020-05-14-US-MTV-1,Pixel4,1.27353E+12,37.46349286,-122.1458038,38.73,998.44,1.7,0,19.29,311.46
2020-05-14-US-MTV-1,Pixel4,1.27353E+12,37.46359581,-122.1459776,38.86,999.44,1.8,0,19.03,311.26
2020-05-14-US-MTV-1,Pixel4,1.27353E+12,37.46369748,-122.1461506,38.98,1000.44,1.8,0,19.03,311.2
2020-05-14-US-MTV-1,Pixel4,1.27353E+12,37.46379939,-122.1463242,39.12,1001.44,1.8,0,19.14,311.2
2020-05-14-US-MTV-1,Pixel4,1.27353E+12,37.463902,-122.1464993,39.26,1002.44,1.6,0,19.34,311.06
2020-05-14-US-MTV-1,Pixel4,1.27353E+12,37.46400587,-122.1466763,39.39,1003.44,1.6,0,19.57,311.34
2020-05-14-US-MTV-1,Pixel4,1.27353E+12,37.46411168,-122.1468552,39.54,1004.44,1.8,0,19.86,311.3
2020-05-14-US-MTV-1,Pixel4,1.27353E+12,37.46421875,-122.1470374,39.67,1005.44,1.8,0,20.17,311.1
2020-05-14-US-MTV-1,Pixel4,1.27353E+12,37.46432731,-122.1472224,39.78,1006.44,1.7,0,20.5,311.2
2020-05-14-US-MTV-1,Pixel4,1.27353E+12,37.46443765,-122.1474102,39.88,1007.44,1.5,0,20.81,311.2
2020-05-14-US-MTV-1,Pixel4,1.27353E+12,37.46454977,-122.1476007,39.94,1008.44,1.4,0,21.11,311.2
2020-05-14-US-MTV-1,Pixel4,1.27353E+12,37.46466278,-122.1477941,39.99,1009.44,1.4,0,21.25,311
2020-05-14-US-MTV-1,Pixel4,1.27353E+12,37.46477561,-122.1479875,40.03,1010.44,1.3,0,21.12,311
2020-05-14-US-MTV-1,Pixel4,1.27353E+12,37.46488742,-122.1481793,40.04,1011.44,1.1,0,20.92,311
2020-05-14-US-MTV-1,Pixel4,1.27353E+12,37.46499809,-122.1483687,40.04,1012.44,1.1,0,20.66,311.04
2020-05-14-US-MTV-1,Pixel4,1.27353E+12,37.46510767,-122.1485557,40.01,1013.44,1.1,0,20.42,311.24
2020-05-14-US-MTV-1,Pixel4,1.27353E+12,37.46521683,-122.1487405,39.95,1014.44,1.1,0,20.27,311.4
2020-05-14-US-MTV-1,Pixel4,1.27353E+12,37.46532534,-122.1489237,39.88,1015.44,1.1,0,20.11,311.4
2020-05-14-US-MTV-1,Pixel4,1.27353E+12,37.46543291,-122.1491058,39.8,1016.44,1,0,19.99,311.3
2020-05-14-US-MTV-1,Pixel4,1.27353E+12,37.46553965,-122.1492866,39.7,1017.44,1,0,19.81,311.3
2020-05-14-US-MTV-1,Pixel4,1.27353E+12,37.46564532,-122.149466,39.59,1018.44,1.1,0,19.65,311.2
2020-05-14-US-MTV-1,Pixel4,1.27353E+12,37.46574991,-122.1496444,39.49,1019.44,1.24,0,19.55,311.1
2020-05-14-US-MTV-1,Pixel4,1.27353E+12,37.46585444,-122.1498223,39.43,1020.44,1.3,0,19.6,311.2
2020-05-14-US-MTV-1,Pixel4,1.27353E+12,37.46595921,-122.1500017,39.37,1021.44,1.3,0,19.78,310.86
2020-05-14-US-MTV-1,Pixel4,1.27353E+12,37.46606515,-122.1501843,39.27,1022.44,1.4,0,20.24,311
2020-05-14-US-MTV-1,Pixel4,1.27353E+12,37.46617438,-122.1503713,39.17,1023.44,1.4,0,20.86,310.86
2020-05-14-US-MTV-1,Pixel4,1.27353E+12,37.46628541,-122.1505657,39.09,1024.44,1.4,0,21.42,310.06
2020-05-14-US-MTV-1,Pixel4,1.27353E+12,37.46639753,-122.1507685,39,1025.44,1.4,0,22.27,309.16
2020-05-14-US-MTV-1,Pixel4,1.27353E+12,37.46651231,-122.1509817,38.93,1026.44,1.3,0,23.24,308.9
2020-05-14-US-MTV-1,Pixel4,1.27353E+12,37.46663296,-122.1512025,38.86,1027.44,1.2,0,24.12,309.64
2020-05-14-US-MTV-1,Pixel4,1.27353E+12,37.46676031,-122.1514287,38.78,1028.44,1.24,0,24.84,310.4
2020-05-14-US-MTV-1,Pixel4,1.27353E+12,37.46689307,-122.1516593,38.72,1029.44,1.54,0,25.44,310.84
2020-05-14-US-MTV-1,Pixel4,1.27353E+12,37.4670299,-122.1518932,38.65,1030.44,1.8,0,25.85,311.1
2020-05-14-US-MTV-1,Pixel4,1.27353E+12,37.46716829,-122.1521297,38.6,1031.44,1.7,0,26.03,311.1
2020-05-14-US-MTV-1,Pixel4,1.27353E+12,37.46730722,-122.1523673,38.52,1032.44,1.6,0,26.13,311.1
2020-05-14-US-MTV-1,Pixel4,1.27353E+12,37.46744693,-122.1526054,38.46,1033.44,1.4,0,26.13,311.2
2020-05-14-US-MTV-1,Pixel4,1.27353E+12,37.46758689,-122.1528424,38.39,1034.44,1.3,0,26.03,311.5
2020-05-14-US-MTV-1,Pixel4,1.27353E+12,37.46772645,-122.1530779,38.34,1035.44,1.1,0,25.91,311.3
2020-05-14-US-MTV-1,Pixel4,1.27353E+12,37.46786494,-122.1533125,38.36,1036.44,1,0,25.72,311.3
2020-05-14-US-MTV-1,Pixel4,1.27353E+12,37.46800211,-122.1535457,38.39,1037.44,0.9,0,25.52,311.26
2020-05-14-US-MTV-1,Pixel4,1.27353E+12,37.46813808,-122.153777,38.41,1038.44,0.9,0,25.31,311.3
2020-05-14-US-MTV-1,Pixel4,1.27353E+12,37.46827354,-122.1540066,38.45,1039.44,0.9,0,25.26,311.3
2020-05-14-US-MTV-1,Pixel4,1.27353E+12,37.46840899,-122.1542356,38.46,1040.44,0.9,0,25.21,311.4
2020-05-14-US-MTV-1,Pixel4,1.27353E+12,37.46854392,-122.1544644,38.47,1041.44,1,0,25.16,311.34
2020-05-14-US-MTV-1,Pixel4,1.27353E+12,37.46867881,-122.1546921,38.47,1042.44,0.9,0,25.1,311.4
2020-05-14-US-MTV-1,Pixel4,1.27353E+12,37.46881328,-122.15492,38.45,1043.44,0.46,0,25.1,311.3
2020-05-14-US-MTV-1,Pixel4,1.27353E+12,37.46894804,-122.1551474,38.43,1044.44,0,0,25.05,311.4
2020-05-14-US-MTV-1,Pixel4,1.27353E+12,37.46908235,-122.155375,38.4,1045.44,0,0,25.05,311.2
2020-05-14-US-MTV-1,Pixel4,1.27353E+12,37.46921641,-122.1556033,38.39,1046.44,0,0,25.1,311.16
2020-05-14-US-MTV-1,Pixel4,1.27353E+12,37.46935096,-122.1558323,38.4,1047.44,289.65,0,25.23,311.2
2020-05-14-US-MTV-1,Pixel4,1.27353E+12,37.46948616,-122.1560626,38.38,1048.44,375.61,0,25.38,311.06
2020-05-14-US-MTV-1,Pixel4,1.27353E+12,37.46962144,-122.1562949,38.39,1049.44,22.4,0,25.54,310.9
2020-05-14-US-MTV-1,Pixel4,1.27353E+12,37.46975717,-122.156529,38.38,1050.44,14.2,0,25.67,310.8
2020-05-14-US-MTV-1,Pixel4,1.27353E+12,37.46989346,-122.1567646,38.36,1051.44,3.8,0,25.83,310.7
2020-05-14-US-MTV-1,Pixel4,1.27353E+12,37.47003045,-122.1570016,38.34,1052.44,2.82,0,25.93,310.9
2020-05-14-US-MTV-1,Pixel4,1.27353E+12,37.47016876,-122.1572387,38.35,1053.44,1.5,0,26.03,311.1
2020-05-14-US-MTV-1,Pixel4,1.27353E+12,37.47030824,-122.157476,38.33,1054.44,1.3,0,26.13,311.2
2020-05-14-US-MTV-1,Pixel4,1.27353E+12,37.47044845,-122.1577143,38.27,1055.44,1.1,0,26.26,311.34
2020-05-14-US-MTV-1,Pixel4,1.27353E+12,37.47059028,-122.1579529,38.25,1056.44,1.2,0,26.39,311.54
2020-05-14-US-MTV-1,Pixel4,1.27353E+12,37.47073257,-122.1581932,38.23,1057.44,1.2,0,26.55,311.16
2020-05-14-US-MTV-1,Pixel4,1.27353E+12,37.47087477,-122.1584357,38.22,1058.44,1.2,0,26.72,311.1
2020-05-14-US-MTV-1,Pixel4,1.27353E+12,37.47101782,-122.1586804,38.18,1059.44,1.3,0,26.96,311
2020-05-14-US-MTV-1,Pixel4,1.27353E+12,37.47116163,-122.1589274,38.14,1060.44,1.5,0,27.18,310.9
2020-05-14-US-MTV-1,Pixel4,1.27353E+12,37.47130636,-122.1591768,38.13,1061.44,1.5,0,27.42,310.8
2020-05-14-US-MTV-1,Pixel4,1.27353E+12,37.47145257,-122.1594282,38.1,1062.44,1.5,0,27.65,311.04
2020-05-14-US-MTV-1,Pixel4,1.27353E+12,37.47160043,-122.1596813,38.08,1063.44,1.5,0,27.88,311
2020-05-14-US-MTV-1,Pixel4,1.27353E+12,37.4717491,-122.1599367,38.04,1064.44,1.36,0,28.04,310.9
2020-05-14-US-MTV-1,Pixel4,1.27353E+12,37.47189831,-122.1601932,38.03,1065.44,1.2,0,28.14,310.94
2020-05-14-US-MTV-1,Pixel4,1.27353E+12,37.47204817,-122.1604496,38,1066.44,1.2,0,28.14,311
2020-05-14-US-MTV-1,Pixel4,1.27353E+12,37.47219802,-122.160706,37.98,1067.44,1.1,0,28.14,311.1
2020-05-14-US-MTV-1,Pixel4,1.27353E+12,37.47234793,-122.1609623,37.98,1068.44,1.1,0,28.09,311.1
2020-05-14-US-MTV-1,Pixel4,1.27353E+12,37.47249788,-122.1612184,37.94,1069.44,1.1,0,28.09,311
2020-05-14-US-MTV-1,Pixel4,1.27353E+12,37.47264779,-122.1614744,37.91,1070.44,1.3,0,28.09,311.1
2020-05-14-US-MTV-1,Pixel4,1.27353E+12,37.47279811,-122.16173,37.87,1071.44,1.4,0,28.09,311.2
2020-05-14-US-MTV-1,Pixel4,1.27353E+12,37.47294827,-122.1619861,37.84,1072.44,1.4,0,28.16,311.1
2020-05-14-US-MTV-1,Pixel4,1.27353E+12,37.47309863,-122.1622434,37.78,1073.44,1.4,0,28.29,311.1
2020-05-14-US-MTV-1,Pixel4,1.27353E+12,37.47325047,-122.1625014,37.74,1074.44,1.3,0,28.45,311.4
2020-05-14-US-MTV-1,Pixel4,1.27353E+12,37.47340328,-122.162761,37.71,1075.44,1.1,0,28.65,311.16
2020-05-14-US-MTV-1,Pixel4,1.27353E+12,37.47355678,-122.1630228,37.65,1076.44,1.06,0,28.83,311.2
2020-05-14-US-MTV-1,Pixel4,1.27353E+12,37.47371125,-122.1632862,37.59,1077.44,1,0,29.01,311
2020-05-14-US-MTV-1,Pixel4,1.27353E+12,37.4738658,-122.1635516,37.6,1078.44,1.1,0,29.12,310.9
2020-05-14-US-MTV-1,Pixel4,1.27353E+12,37.47402099,-122.1638181,37.56,1079.44,1.3,0,29.24,311.1
2020-05-14-US-MTV-1,Pixel4,1.27353E+12,37.47417715,-122.1640852,37.5,1080.44,1.4,0,29.37,311
2020-05-14-US-MTV-1,Pixel4,1.27353E+12,37.4743338,-122.1643532,37.49,1081.44,1.4,0,29.45,311.1
2020-05-14-US-MTV-1,Pixel4,1.27353E+12,37.47449099,-122.1646222,37.42,1082.44,1.4,0,29.55,311.14
2020-05-14-US-MTV-1,Pixel4,1.27353E+12,37.47464921,-122.1648917,37.36,1083.44,1.26,0,29.65,311.1
2020-05-14-US-MTV-1,Pixel4,1.27353E+12,37.47480793,-122.1651622,37.32,1084.44,1,0,29.79,311.3
2020-05-14-US-MTV-1,Pixel4,1.27353E+12,37.47496795,-122.1654335,37.26,1085.44,1.1,0,29.94,311.3
2020-05-14-US-MTV-1,Pixel4,1.27353E+12,37.47512862,-122.1657055,37.19,1086.44,1.2,0,29.94,311.4
2020-05-14-US-MTV-1,Pixel4,1.27353E+12,37.47528932,-122.1659772,37.08,1087.44,1.2,0,29.89,311.3
2020-05-14-US-MTV-1,Pixel4,1.27353E+12,37.47544891,-122.1662495,36.99,1088.44,2.73,0,29.89,311.1
