,tracePath,SvName,bias
0,2020-05-14-US-MTV-1/Pixel4,G5,-14.692097569698204
1,2020-05-14-US-MTV-1/Pixel4,G19,-28.49619830644794
2,2020-05-14-US-MTV-1/Pixel4,G25,12.482848634178874
3,2020-05-14-US-MTV-1/Pixel4,G29,25.224395869638126
4,2020-05-14-US-MTV-1/Pixel4,G2,-4.317661997534214
5,2020-05-14-US-MTV-1/Pixel4,G6,-17.062262832751284
6,2020-05-14-US-MTV-1/Pixel4,G12,2.533069540590173
7,2020-05-14-US-MTV-1/Pixel4,G24,13.726425901033293
8,2020-05-14-US-MTV-1/Pixel4,G31,16.64532934672297
9,2020-05-14-US-MTV-1/Pixel4XLModded,G19,-33.260444011291604
10,2020-05-14-US-MTV-1/Pixel4XLModded,G25,7.155988144005414
11,2020-05-14-US-MTV-1/Pixel4XLModded,G29,18.908543554060948
12,2020-05-14-US-MTV-1/Pixel4XLModded,G2,-9.205630555770107
13,2020-05-14-US-MTV-1/Pixel4XLModded,G6,-23.614751617726743
14,2020-05-14-US-MTV-1/Pixel4XLModded,G12,-0.6140550864769648
15,2020-05-14-US-MTV-1/Pixel4XLModded,G24,11.280744821569511
16,2020-05-14-US-MTV-1/Pixel4XLModded,G5,-19.75443887588296
17,2020-05-14-US-MTV-1/Pixel4XLModded,G31,12.473797804380887
18,2020-05-14-US-MTV-2/Pixel4,G13,-25.9657393732399
19,2020-05-14-US-MTV-2/Pixel4,G21,23.15432945272516
20,2020-05-14-US-MTV-2/Pixel4,G25,6.794975824708158
21,2020-05-14-US-MTV-2/Pixel4,G29,1.4510000686733877
22,2020-05-14-US-MTV-2/Pixel4,G31,35.31766352222851
23,2020-05-14-US-MTV-2/Pixel4,G2,-23.129591923837218
24,2020-05-14-US-MTV-2/Pixel4,G12,-2.8414290816164582
25,2020-05-14-US-MTV-2/Pixel4,G20,17.98714952320398
26,2020-05-14-US-MTV-2/Pixel4,G26,21.239798514371163
27,2020-05-14-US-MTV-2/Pixel4,G5,-13.106959797557026
28,2020-05-14-US-MTV-2/Pixel4,G15,-16.7374544553664
29,2020-05-14-US-MTV-2/Pixel4,G16,25.053707983394464
30,2020-05-14-US-MTV-2/Pixel4XLModded,G5,-15.47427808442922
31,2020-05-14-US-MTV-2/Pixel4XLModded,G25,4.376157435344199
32,2020-05-14-US-MTV-2/Pixel4XLModded,G29,-1.019790441641926
33,2020-05-14-US-MTV-2/Pixel4XLModded,G21,19.25896875775069
34,2020-05-14-US-MTV-2/Pixel4XLModded,G2,-25.326655300213925
35,2020-05-14-US-MTV-2/Pixel4XLModded,G20,13.56967554450786
36,2020-05-14-US-MTV-2/Pixel4XLModded,G13,-29.029488947716835
37,2020-05-14-US-MTV-2/Pixel4XLModded,G15,-18.431064352945047
38,2020-05-14-US-MTV-2/Pixel4XLModded,G12,-7.248110312521746
39,2020-05-14-US-MTV-2/Pixel4XLModded,G26,17.258259854417172
40,2020-05-14-US-MTV-2/Pixel4XLModded,G31,35.81018937156605
41,2020-05-21-US-MTV-1/Pixel4,G6,-6.275500075627901
42,2020-05-21-US-MTV-1/Pixel4,G13,19.796820309467947
43,2020-05-21-US-MTV-1/Pixel4,G17,-2.455964746625191
44,2020-05-21-US-MTV-1/Pixel4,G15,30.540973507152472
45,2020-05-21-US-MTV-1/Pixel4,G24,19.01906672880742
46,2020-05-21-US-MTV-1/Pixel4,G28,-15.615656245859102
47,2020-05-21-US-MTV-1/Pixel4,G1,-16.64382986123834
48,2020-05-21-US-MTV-1/Pixel4,G30,-14.877669664089805
49,2020-05-21-US-MTV-1/Pixel4,G19,7.102566989500658
50,2020-05-21-US-MTV-1/Pixel4,G2,4.694384528185105
51,2020-05-21-US-MTV-1/Pixel4,G12,30.328917990079617
52,2020-05-21-US-MTV-2/Pixel4,G5,-15.180002553186174
53,2020-05-21-US-MTV-2/Pixel4,G2,-3.8258590524368916
54,2020-05-21-US-MTV-2/Pixel4,G6,-14.523693611999413
55,2020-05-21-US-MTV-2/Pixel4,G12,3.1365139437770257
56,2020-05-21-US-MTV-2/Pixel4,G19,-25.83561469243246
57,2020-05-21-US-MTV-2/Pixel4,G24,12.89925351641159
58,2020-05-21-US-MTV-2/Pixel4,G25,13.63513423991152
59,2020-05-21-US-MTV-2/Pixel4,G17,-24.53627953251407
60,2020-05-21-US-MTV-2/Pixel4,G29,27.07694168190957
61,2020-05-21-US-MTV-2/Pixel4,G31,45.72212356515229
62,2020-05-21-US-MTV-2/Pixel4XL,G5,-15.002991409118925
63,2020-05-21-US-MTV-2/Pixel4XL,G2,-3.0738466167010214
64,2020-05-21-US-MTV-2/Pixel4XL,G6,-15.613709095525401
65,2020-05-21-US-MTV-2/Pixel4XL,G12,3.454865702366579
66,2020-05-21-US-MTV-2/Pixel4XL,G19,-26.30903398990866
67,2020-05-21-US-MTV-2/Pixel4XL,G25,13.33818922875201
68,2020-05-21-US-MTV-2/Pixel4XL,G29,26.41043283648799
69,2020-05-21-US-MTV-2/Pixel4XL,G24,12.982080108561968
70,2020-05-21-US-MTV-2/Pixel4XL,G17,-23.526053723240537
71,2020-05-21-US-MTV-2/Pixel4XL,G31,25.576366037130356
72,2020-05-29-US-MTV-1/Pixel4,G5,-16.43042518277808
73,2020-05-29-US-MTV-1/Pixel4,G2,-22.399734761394242
74,2020-05-29-US-MTV-1/Pixel4,G21,24.30792500302055
75,2020-05-29-US-MTV-1/Pixel4,G25,3.9738006199756404
76,2020-05-29-US-MTV-1/Pixel4,G29,6.285309926341423
77,2020-05-29-US-MTV-1/Pixel4,G12,-7.220269313612671
78,2020-05-29-US-MTV-1/Pixel4,G18,19.742619945246485
79,2020-05-29-US-MTV-1/Pixel4,G31,22.17847936572535
80,2020-05-29-US-MTV-1/Pixel4,G26,11.421140311117869
81,2020-05-29-US-MTV-1/Pixel4,G15,-15.514128184739663
82,2020-05-29-US-MTV-1/Pixel4,G20,19.554536102589832
83,2020-05-29-US-MTV-1/Pixel4XL,G5,-15.301721054323512
84,2020-05-29-US-MTV-1/Pixel4XL,G2,-21.662065493471324
85,2020-05-29-US-MTV-1/Pixel4XL,G12,-5.409789735976545
86,2020-05-29-US-MTV-1/Pixel4XL,G21,26.063592867093373
87,2020-05-29-US-MTV-1/Pixel4XL,G18,20.607479860168105
88,2020-05-29-US-MTV-1/Pixel4XL,G29,6.642231061418163
89,2020-05-29-US-MTV-1/Pixel4XL,G31,23.610635288683156
90,2020-05-29-US-MTV-1/Pixel4XL,G25,5.48870264871918
91,2020-05-29-US-MTV-1/Pixel4XL,G26,12.646932720285381
92,2020-05-29-US-MTV-1/Pixel4XL,G15,-15.961667692280693
93,2020-05-29-US-MTV-1/Pixel4XL,G20,17.598745883132022
94,2020-05-29-US-MTV-1/Pixel4XLModded,G5,-18.12938521209747
95,2020-05-29-US-MTV-1/Pixel4XLModded,G2,-23.277749314780586
96,2020-05-29-US-MTV-1/Pixel4XLModded,G12,-8.152793241816283
97,2020-05-29-US-MTV-1/Pixel4XLModded,G29,7.56852164697248
98,2020-05-29-US-MTV-1/Pixel4XLModded,G21,22.836478103439795
99,2020-05-29-US-MTV-1/Pixel4XLModded,G18,18.17133641047424
100,2020-05-29-US-MTV-1/Pixel4XLModded,G25,4.106070580797848
101,2020-05-29-US-MTV-1/Pixel4XLModded,G31,21.345164460369
102,2020-05-29-US-MTV-1/Pixel4XLModded,G26,8.894350889623166
103,2020-05-29-US-MTV-1/Pixel4XLModded,G15,-22.92751150871239
104,2020-05-29-US-MTV-1/Pixel4XLModded,G20,17.395393312733244
105,2020-05-29-US-MTV-2/Pixel4,G5,-16.372264082743047
106,2020-05-29-US-MTV-2/Pixel4,G15,-19.93228925874423
107,2020-05-29-US-MTV-2/Pixel4,G21,25.43676507069861
108,2020-05-29-US-MTV-2/Pixel4,G25,4.243223480634078
109,2020-05-29-US-MTV-2/Pixel4,G29,-0.1463546181545301
110,2020-05-29-US-MTV-2/Pixel4,G31,29.2053651030594
111,2020-05-29-US-MTV-2/Pixel4,G2,-27.64731090279761
112,2020-05-29-US-MTV-2/Pixel4,G12,-7.352874369060836
113,2020-05-29-US-MTV-2/Pixel4,G20,16.291522723885272
114,2020-05-29-US-MTV-2/Pixel4,G18,18.98596480444506
115,2020-05-29-US-MTV-2/Pixel4,G26,18.189475893208865
116,2020-05-29-US-MTV-2/Pixel4,G13,-29.800920533881502
117,2020-05-29-US-MTV-2/Pixel4XL,G5,-17.13097689366763
118,2020-05-29-US-MTV-2/Pixel4XL,G15,-20.00055972754241
119,2020-05-29-US-MTV-2/Pixel4XL,G21,23.713916462789307
120,2020-05-29-US-MTV-2/Pixel4XL,G25,3.065860478706808
121,2020-05-29-US-MTV-2/Pixel4XL,G29,-0.7830012179412036
122,2020-05-29-US-MTV-2/Pixel4XL,G31,28.332851548265936
123,2020-05-29-US-MTV-2/Pixel4XL,G2,-27.91008224100175
124,2020-05-29-US-MTV-2/Pixel4XL,G12,-7.771539733496666
125,2020-05-29-US-MTV-2/Pixel4XL,G20,14.7087722423121
126,2020-05-29-US-MTV-2/Pixel4XL,G18,17.61455690243329
127,2020-05-29-US-MTV-2/Pixel4XL,G26,16.289021829033334
128,2020-05-29-US-MTV-2/Pixel4XL,G13,-31.329608305234174
129,2020-06-04-US-MTV-1/Pixel4,G5,-15.818475286729456
130,2020-06-04-US-MTV-1/Pixel4,G19,-31.608810764314764
131,2020-06-04-US-MTV-1/Pixel4,G25,10.570877015906794
132,2020-06-04-US-MTV-1/Pixel4,G2,-8.676508733784644
133,2020-06-04-US-MTV-1/Pixel4,G12,-2.4306555904752045
134,2020-06-04-US-MTV-1/Pixel4,G24,10.180046169869318
135,2020-06-04-US-MTV-1/Pixel4,G29,20.776976299977335
136,2020-06-04-US-MTV-1/Pixel4,G6,-21.864939818744215
137,2020-06-04-US-MTV-1/Pixel4,G31,13.930182647350708
138,2020-06-04-US-MTV-1/Pixel4,G18,25.455292721175486
139,2020-06-04-US-MTV-1/Pixel4XL,G5,-19.400602554378313
140,2020-06-04-US-MTV-1/Pixel4XL,G19,-35.215259042873605
141,2020-06-04-US-MTV-1/Pixel4XL,G25,7.58116937150114
142,2020-06-04-US-MTV-1/Pixel4XL,G29,16.840537274830982
143,2020-06-04-US-MTV-1/Pixel4XL,G2,-11.395250649785863
144,2020-06-04-US-MTV-1/Pixel4XL,G6,-24.675188370850762
145,2020-06-04-US-MTV-1/Pixel4XL,G12,-3.889855031177301
146,2020-06-04-US-MTV-1/Pixel4XL,G24,6.493298239469317
147,2020-06-04-US-MTV-1/Pixel4XL,G31,11.105785774157061
148,2020-06-04-US-MTV-1/Pixel4XL,G18,18.47947212980419
149,2020-06-04-US-MTV-1/Pixel4XLModded,G19,-39.561937520923536
150,2020-06-04-US-MTV-1/Pixel4XLModded,G25,4.238834409102086
151,2020-06-04-US-MTV-1/Pixel4XLModded,G29,13.64329401603977
152,2020-06-04-US-MTV-1/Pixel4XLModded,G2,-12.80980205585033
153,2020-06-04-US-MTV-1/Pixel4XLModded,G12,-5.586145729998262
154,2020-06-04-US-MTV-1/Pixel4XLModded,G24,6.035930708114819
155,2020-06-04-US-MTV-1/Pixel4XLModded,G5,-22.3824840823185
156,2020-06-04-US-MTV-1/Pixel4XLModded,G6,-27.49248052666462
157,2020-06-04-US-MTV-1/Pixel4XLModded,G31,8.171002462829346
158,2020-06-04-US-MTV-1/Pixel4XLModded,G18,35.235269713372766
159,2020-06-05-US-MTV-1/Pixel4,G13,14.305199275509349
160,2020-06-05-US-MTV-1/Pixel4,G17,-8.486231702019928
161,2020-06-05-US-MTV-1/Pixel4,G15,25.919178930788274
162,2020-06-05-US-MTV-1/Pixel4,G19,0.31722506947106405
163,2020-06-05-US-MTV-1/Pixel4,G2,0.4570117765013335
164,2020-06-05-US-MTV-1/Pixel4,G6,-10.02957136221635
165,2020-06-05-US-MTV-1/Pixel4,G24,15.7823205713566
166,2020-06-05-US-MTV-1/Pixel4,G28,-22.651131959734045
167,2020-06-05-US-MTV-1/Pixel4,G30,-18.484077211786175
168,2020-06-05-US-MTV-1/Pixel4,G12,28.08821355747897
169,2020-06-05-US-MTV-1/Pixel4XL,G13,17.713728975455098
170,2020-06-05-US-MTV-1/Pixel4XL,G17,-5.549389446910936
171,2020-06-05-US-MTV-1/Pixel4XL,G15,28.725535194796883
172,2020-06-05-US-MTV-1/Pixel4XL,G19,4.452879729555473
173,2020-06-05-US-MTV-1/Pixel4XL,G2,3.7906478649077227
174,2020-06-05-US-MTV-1/Pixel4XL,G12,31.43292196504161
175,2020-06-05-US-MTV-1/Pixel4XL,G24,19.785186450583936
176,2020-06-05-US-MTV-1/Pixel4XL,G28,-19.331089096601037
177,2020-06-05-US-MTV-1/Pixel4XL,G6,-6.829233788376837
178,2020-06-05-US-MTV-1/Pixel4XL,G30,-14.547032947266219
179,2020-06-05-US-MTV-1/Pixel4XLModded,G13,15.732768635942039
180,2020-06-05-US-MTV-1/Pixel4XLModded,G17,-6.121252279721727
181,2020-06-05-US-MTV-1/Pixel4XLModded,G15,29.313646934806087
182,2020-06-05-US-MTV-1/Pixel4XLModded,G19,3.2231646558722935
183,2020-06-05-US-MTV-1/Pixel4XLModded,G2,3.2181842728190433
184,2020-06-05-US-MTV-1/Pixel4XLModded,G6,-8.25395589872101
185,2020-06-05-US-MTV-1/Pixel4XLModded,G12,28.83084978028329
186,2020-06-05-US-MTV-1/Pixel4XLModded,G28,-18.115013685946433
187,2020-06-05-US-MTV-1/Pixel4XLModded,G30,-15.710177306322853
188,2020-06-05-US-MTV-1/Pixel4XLModded,G24,19.808737774495512
189,2020-06-05-US-MTV-2/Pixel4,G5,-15.444735063892578
190,2020-06-05-US-MTV-2/Pixel4,G6,-16.19855673055073
191,2020-06-05-US-MTV-2/Pixel4,G12,3.1821056851511362
192,2020-06-05-US-MTV-2/Pixel4,G19,-27.455856151062747
193,2020-06-05-US-MTV-2/Pixel4,G25,14.771445192762922
194,2020-06-05-US-MTV-2/Pixel4,G2,-3.1700066815636787
195,2020-06-05-US-MTV-2/Pixel4,G24,13.744544175795115
196,2020-06-05-US-MTV-2/Pixel4,G17,-30.567534871580722
197,2020-06-05-US-MTV-2/Pixel4,G29,26.35334721808023
198,2020-06-05-US-MTV-2/Pixel4XL,G5,-18.414113381043958
199,2020-06-05-US-MTV-2/Pixel4XL,G2,-6.3462623281692645
200,2020-06-05-US-MTV-2/Pixel4XL,G6,-18.532095052547305
201,2020-06-05-US-MTV-2/Pixel4XL,G12,0.5080925983987366
202,2020-06-05-US-MTV-2/Pixel4XL,G25,10.948623214948125
203,2020-06-05-US-MTV-2/Pixel4XL,G19,-29.154416367510493
204,2020-06-05-US-MTV-2/Pixel4XL,G24,11.536144489619472
205,2020-06-05-US-MTV-2/Pixel4XL,G17,-32.007067509687964
206,2020-06-05-US-MTV-2/Pixel4XL,G29,22.460996863255897
207,2020-06-11-US-MTV-1/Pixel4,G15,30.076039250772386
208,2020-06-11-US-MTV-1/Pixel4,G19,-8.452757003863647
209,2020-06-11-US-MTV-1/Pixel4,G2,-0.33974288826837173
210,2020-06-11-US-MTV-1/Pixel4,G6,-12.22532866818062
211,2020-06-11-US-MTV-1/Pixel4,G12,17.783779148765085
212,2020-06-11-US-MTV-1/Pixel4,G24,12.634324968354433
213,2020-06-11-US-MTV-1/Pixel4,G28,-28.317823429520807
214,2020-06-11-US-MTV-1/Pixel4,G17,-17.944488500950797
215,2020-06-11-US-MTV-1/Pixel4,G13,13.844172142268647
216,2020-06-11-US-MTV-1/Pixel4,G25,24.662068291830156
217,2020-06-11-US-MTV-1/Pixel4,G3,-5.439071450382471
218,2020-06-11-US-MTV-1/Pixel4XL,G17,-14.70195169837179
219,2020-06-11-US-MTV-1/Pixel4XL,G15,31.557931293899045
220,2020-06-11-US-MTV-1/Pixel4XL,G19,-5.391820602673897
221,2020-06-11-US-MTV-1/Pixel4XL,G2,1.7138264063741215
222,2020-06-11-US-MTV-1/Pixel4XL,G6,-8.959294306323285
223,2020-06-11-US-MTV-1/Pixel4XL,G12,20.085978336337313
224,2020-06-11-US-MTV-1/Pixel4XL,G24,14.70386271140995
225,2020-06-11-US-MTV-1/Pixel4XL,G28,-26.014428864059134
226,2020-06-11-US-MTV-1/Pixel4XL,G13,12.00177426532071
227,2020-06-11-US-MTV-1/Pixel4XL,G25,26.51774459119664
228,2020-06-11-US-MTV-1/Pixel4XL,G3,6.001615223940462
229,2020-07-08-US-MTV-1/Pixel4,G13,-35.03511117082319
230,2020-07-08-US-MTV-1/Pixel4,G15,-31.43816318406231
231,2020-07-08-US-MTV-1/Pixel4,G21,11.411618447415767
232,2020-07-08-US-MTV-1/Pixel4,G25,-6.5108274846639045
233,2020-07-08-US-MTV-1/Pixel4,G29,-22.014440149801345
234,2020-07-08-US-MTV-1/Pixel4,G10,6.61427149580247
235,2020-07-08-US-MTV-1/Pixel4,G16,9.569549198459404
236,2020-07-08-US-MTV-1/Pixel4,G20,3.4639104967895276
237,2020-07-08-US-MTV-1/Pixel4,G18,-8.349271296894614
238,2020-07-08-US-MTV-1/Pixel4,G26,11.302778823989025
239,2020-07-08-US-MTV-1/Pixel4,G5,-23.718969790115185
240,2020-07-08-US-MTV-1/Pixel4,G27,6.595518687696651
241,2020-07-08-US-MTV-1/Pixel4XL,G13,-33.78057488024017
242,2020-07-08-US-MTV-1/Pixel4XL,G15,-30.213212851592573
243,2020-07-08-US-MTV-1/Pixel4XL,G21,12.970397491656952
244,2020-07-08-US-MTV-1/Pixel4XL,G29,-20.72582993917356
245,2020-07-08-US-MTV-1/Pixel4XL,G10,9.567964257315342
246,2020-07-08-US-MTV-1/Pixel4XL,G16,12.473090956227809
247,2020-07-08-US-MTV-1/Pixel4XL,G20,4.52556410558636
248,2020-07-08-US-MTV-1/Pixel4XL,G18,-6.1007251354605305
249,2020-07-08-US-MTV-1/Pixel4XL,G26,14.848907047451988
250,2020-07-08-US-MTV-1/Pixel4XL,G25,-8.18440675125779
251,2020-07-08-US-MTV-1/Pixel4XL,G5,-9.9991032626013
252,2020-07-08-US-MTV-1/Pixel4XL,G27,11.193206846454487
253,2020-07-08-US-MTV-1/Pixel4XLModded,G13,-31.602927397000116
254,2020-07-08-US-MTV-1/Pixel4XLModded,G15,-26.85714506510019
255,2020-07-08-US-MTV-1/Pixel4XLModded,G21,16.976227263919228
256,2020-07-08-US-MTV-1/Pixel4XLModded,G25,-0.8049407455099511
257,2020-07-08-US-MTV-1/Pixel4XLModded,G29,-16.60524934442875
258,2020-07-08-US-MTV-1/Pixel4XLModded,G10,12.35876876078546
259,2020-07-08-US-MTV-1/Pixel4XLModded,G16,13.739774770138068
260,2020-07-08-US-MTV-1/Pixel4XLModded,G20,7.391086709365311
261,2020-07-08-US-MTV-1/Pixel4XLModded,G18,-2.554802292429736
262,2020-07-08-US-MTV-1/Pixel4XLModded,G26,15.920969085919566
263,2020-07-08-US-MTV-1/Pixel4XLModded,G5,8.658106339464856
264,2020-07-08-US-MTV-1/Pixel4XLModded,G27,12.944520481545364
265,2020-07-17-US-MTV-1/Mi8,G10,10.532782358491412
266,2020-07-17-US-MTV-1/Mi8,G16,17.02700677896632
267,2020-07-17-US-MTV-1/Mi8,G21,11.624229602812452
268,2020-07-17-US-MTV-1/Mi8,G29,-19.69659882504493
269,2020-07-17-US-MTV-1/Mi8,G26,17.399792489383728
270,2020-07-17-US-MTV-1/Mi8,G13,-26.79502530186343
271,2020-07-17-US-MTV-1/Mi8,G20,1.004806060871931
272,2020-07-17-US-MTV-1/Mi8,G18,-12.569648894835133
273,2020-07-17-US-MTV-1/Mi8,G15,-26.773709339378367
274,2020-07-17-US-MTV-1/Mi8,G27,11.017164900158567
275,2020-07-17-US-MTV-2/Mi8,G13,-17.187865571102407
276,2020-07-17-US-MTV-2/Mi8,G15,-22.476066768728653
277,2020-07-17-US-MTV-2/Mi8,G21,18.389884447234675
278,2020-07-17-US-MTV-2/Mi8,G29,-25.630551269897992
279,2020-07-17-US-MTV-2/Mi8,G27,24.20406720693975
280,2020-07-17-US-MTV-2/Mi8,G10,17.117933999441796
281,2020-07-17-US-MTV-2/Mi8,G16,34.75048394252857
282,2020-07-17-US-MTV-2/Mi8,G18,-15.79309369541669
283,2020-07-17-US-MTV-2/Mi8,G26,25.189230388481114
284,2020-07-17-US-MTV-2/Mi8,G20,2.4559275490639947
285,2020-07-17-US-MTV-2/Mi8,G32,-0.7735326446793757
286,2020-07-17-US-MTV-2/Mi8,G8,17.59207074325605
287,2020-07-17-US-MTV-2/Mi8,G24,-44.80705896111895
288,2020-08-03-US-MTV-1/Mi8,G13,-25.41401468219788
289,2020-08-03-US-MTV-1/Mi8,G15,-22.79902827106053
290,2020-08-03-US-MTV-1/Mi8,G21,17.085903760956437
291,2020-08-03-US-MTV-1/Mi8,G29,-16.142171383863182
292,2020-08-03-US-MTV-1/Mi8,G27,13.11036803575744
293,2020-08-03-US-MTV-1/Mi8,G10,15.70778970238987
294,2020-08-03-US-MTV-1/Mi8,G16,21.409757937259947
295,2020-08-03-US-MTV-1/Mi8,G20,2.506028456138668
296,2020-08-03-US-MTV-1/Mi8,G18,-10.443667103762314
297,2020-08-03-US-MTV-1/Mi8,G26,21.372737954442794
298,2020-08-03-US-MTV-1/Mi8,G32,26.268572873975103
299,2020-08-03-US-MTV-1/Pixel4,G13,-26.95957431343203
300,2020-08-03-US-MTV-1/Pixel4,G15,-25.37775987206416
301,2020-08-03-US-MTV-1/Pixel4,G21,14.5753934201547
302,2020-08-03-US-MTV-1/Pixel4,G29,-21.20109307047847
303,2020-08-03-US-MTV-1/Pixel4,G27,10.743396095684224
304,2020-08-03-US-MTV-1/Pixel4,G10,12.654948558642863
305,2020-08-03-US-MTV-1/Pixel4,G16,18.542230131602658
306,2020-08-03-US-MTV-1/Pixel4,G20,0.4352941763013948
307,2020-08-03-US-MTV-1/Pixel4,G18,-12.989380421750813
308,2020-08-03-US-MTV-1/Pixel4,G26,17.636185170762275
309,2020-08-03-US-MTV-1/Pixel4,G32,4.603576745207344
310,2020-08-03-US-MTV-1/Pixel4,G24,13.11786447186023
311,2020-08-06-US-MTV-2/Mi8,G21,6.298768398428343
312,2020-08-06-US-MTV-2/Mi8,G27,15.38759557310379
313,2020-08-06-US-MTV-2/Mi8,G8,19.781836889406566
314,2020-08-06-US-MTV-2/Mi8,G10,4.084546191295465
315,2020-08-06-US-MTV-2/Mi8,G20,-9.332560518379957
316,2020-08-06-US-MTV-2/Mi8,G24,-29.594699182530327
317,2020-08-06-US-MTV-2/Mi8,G32,3.008453304666843
318,2020-08-06-US-MTV-2/Mi8,G15,-20.160391147539194
319,2020-08-06-US-MTV-2/Mi8,G18,-20.649592700949178
320,2020-08-06-US-MTV-2/Mi8,G11,20.112765155963764
321,2020-08-06-US-MTV-2/Pixel4,G8,21.212528641431835
322,2020-08-06-US-MTV-2/Pixel4,G10,7.878274194734445
323,2020-08-06-US-MTV-2/Pixel4,G15,-18.648424303837974
324,2020-08-06-US-MTV-2/Pixel4,G20,-7.453951120859079
325,2020-08-06-US-MTV-2/Pixel4,G21,9.539064477237178
326,2020-08-06-US-MTV-2/Pixel4,G18,-19.11548532140508
327,2020-08-06-US-MTV-2/Pixel4,G24,-27.95665174893205
328,2020-08-06-US-MTV-2/Pixel4,G27,17.94941838711945
329,2020-08-06-US-MTV-2/Pixel4,G32,5.6166999765339485
330,2020-08-06-US-MTV-2/Pixel4,G11,25.422797814521726
331,2020-08-06-US-MTV-2/Pixel4XL,G15,-20.145493572767375
332,2020-08-06-US-MTV-2/Pixel4XL,G21,7.719794199719741
333,2020-08-06-US-MTV-2/Pixel4XL,G27,16.586957695963992
334,2020-08-06-US-MTV-2/Pixel4XL,G8,20.822460672140853
335,2020-08-06-US-MTV-2/Pixel4XL,G10,4.896498855303293
336,2020-08-06-US-MTV-2/Pixel4XL,G20,-9.213199814198907
337,2020-08-06-US-MTV-2/Pixel4XL,G18,-20.57894920255001
338,2020-08-06-US-MTV-2/Pixel4XL,G24,-29.243609002123474
339,2020-08-06-US-MTV-2/Pixel4XL,G32,3.890576811982224
340,2020-08-06-US-MTV-2/Pixel4XL,G16,33.18268816967805
341,2020-08-06-US-MTV-2/Pixel4XL,G11,23.057557373212056
342,2020-09-04-US-SF-1/Mi8,G5,-15.603877876066187
343,2020-09-04-US-SF-1/Mi8,G13,-25.692657663565353
344,2020-09-04-US-SF-1/Mi8,G25,8.513943880549451
345,2020-09-04-US-SF-1/Mi8,G29,-2.484101138015588
346,2020-09-04-US-SF-1/Mi8,G31,29.52570528446607
347,2020-09-04-US-SF-1/Mi8,G2,-26.95990788458674
348,2020-09-04-US-SF-1/Mi8,G12,-2.6978919581287344
349,2020-09-04-US-SF-1/Mi8,G18,16.819854988416644
350,2020-09-04-US-SF-1/Mi8,G15,-14.197805153022136
351,2020-09-04-US-SF-1/Mi8,G26,15.648890546805017
352,2020-09-04-US-SF-1/Mi8,G20,17.093797884090904
353,2020-09-04-US-SF-1/Mi8,G16,13.701282389162076
354,2020-09-04-US-SF-1/Pixel4,G5,-23.48521858713637
355,2020-09-04-US-SF-1/Pixel4,G13,-37.47752494967477
356,2020-09-04-US-SF-1/Pixel4,G25,-2.780419431355702
357,2020-09-04-US-SF-1/Pixel4,G29,-10.855634897372463
358,2020-09-04-US-SF-1/Pixel4,G2,-31.468052780078843
359,2020-09-04-US-SF-1/Pixel4,G12,-16.56369583165204
360,2020-09-04-US-SF-1/Pixel4,G20,5.195318316977838
361,2020-09-04-US-SF-1/Pixel4,G26,9.81342945146936
362,2020-09-04-US-SF-1/Pixel4,G18,8.153995546610094
363,2020-09-04-US-SF-1/Pixel4,G31,22.38097869791861
364,2020-09-04-US-SF-1/Pixel4,G15,-29.017959891599805
365,2020-09-04-US-SF-1/Pixel4,G16,13.985942323187677
366,2020-09-04-US-SF-1/Pixel4XL,G5,-22.74220109835349
367,2020-09-04-US-SF-1/Pixel4XL,G25,1.087438148379345
368,2020-09-04-US-SF-1/Pixel4XL,G29,-8.285175363941004
369,2020-09-04-US-SF-1/Pixel4XL,G31,29.346053340536546
370,2020-09-04-US-SF-1/Pixel4XL,G2,-31.1267147164495
371,2020-09-04-US-SF-1/Pixel4XL,G12,-14.986538363671354
372,2020-09-04-US-SF-1/Pixel4XL,G18,10.763468575829272
373,2020-09-04-US-SF-1/Pixel4XL,G26,14.7051250815305
374,2020-09-04-US-SF-1/Pixel4XL,G15,-26.305651544306066
375,2020-09-04-US-SF-1/Pixel4XL,G20,8.34690046144011
376,2020-09-04-US-SF-1/Pixel4XL,G13,-34.88267668631662
377,2020-09-04-US-SF-1/Pixel4XL,G16,13.335672240057955
378,2020-09-04-US-SF-2/Mi8,G5,-18.864269028627234
379,2020-09-04-US-SF-2/Mi8,G13,-26.46235330253051
380,2020-09-04-US-SF-2/Mi8,G15,-18.39499724039565
381,2020-09-04-US-SF-2/Mi8,G25,3.066592480041571
382,2020-09-04-US-SF-2/Mi8,G29,-6.734308196652585
383,2020-09-04-US-SF-2/Mi8,G20,16.669623020396497
384,2020-09-04-US-SF-2/Mi8,G18,12.027320971453703
385,2020-09-04-US-SF-2/Mi8,G26,26.36389883506465
386,2020-09-04-US-SF-2/Mi8,G16,22.09736912613
387,2020-09-04-US-SF-2/Mi8,G10,20.60215019095652
388,2020-09-04-US-SF-2/Mi8,G27,29.919847095651285
389,2020-09-04-US-SF-2/Pixel4,G5,-13.306196219699371
390,2020-09-04-US-SF-2/Pixel4,G13,-20.464068521739428
391,2020-09-04-US-SF-2/Pixel4,G15,-12.49542889918964
392,2020-09-04-US-SF-2/Pixel4,G25,9.4861226478253
393,2020-09-04-US-SF-2/Pixel4,G29,-1.7656587658846798
394,2020-09-04-US-SF-2/Pixel4,G10,27.460681050054358
395,2020-09-04-US-SF-2/Pixel4,G16,26.350331419660993
396,2020-09-04-US-SF-2/Pixel4,G20,22.622144431931645
397,2020-09-04-US-SF-2/Pixel4,G18,17.20151760916908
398,2020-09-04-US-SF-2/Pixel4,G26,31.446373070356366
399,2020-09-04-US-SF-2/Pixel4,G27,34.313429084089066
400,2020-09-04-US-SF-2/Pixel4XL,G5,-16.24550571421656
401,2020-09-04-US-SF-2/Pixel4XL,G13,-23.488910741499954
402,2020-09-04-US-SF-2/Pixel4XL,G15,-14.520694770973124
403,2020-09-04-US-SF-2/Pixel4XL,G25,7.640845329530145
404,2020-09-04-US-SF-2/Pixel4XL,G29,-4.253557667802657
405,2020-09-04-US-SF-2/Pixel4XL,G16,23.142578217239887
406,2020-09-04-US-SF-2/Pixel4XL,G20,18.677539887231568
407,2020-09-04-US-SF-2/Pixel4XL,G18,16.309889009435867
408,2020-09-04-US-SF-2/Pixel4XL,G26,27.365626260946467
409,2020-09-04-US-SF-2/Pixel4XL,G10,25.172107119533475
410,2021-01-04-US-RWC-1/Pixel4,G5,19.186437199713534
411,2021-01-04-US-RWC-1/Pixel4,G9,-6.985771594339189
412,2021-01-04-US-RWC-1/Pixel4,G7,3.361664560144555
413,2021-01-04-US-RWC-1/Pixel4,G27,-23.092307753432014
414,2021-01-04-US-RWC-1/Pixel4,G4,-19.987064995229446
415,2021-01-04-US-RWC-1/Pixel4,G8,-24.22832989987048
416,2021-01-04-US-RWC-1/Pixel4,G16,-20.653325920369753
417,2021-01-04-US-RWC-1/Pixel4,G14,12.332516734879597
418,2021-01-04-US-RWC-1/Pixel4,G28,15.197424560732825
419,2021-01-04-US-RWC-1/Pixel4,G30,17.65836047023143
420,2021-01-04-US-RWC-1/Pixel4Modded,G4,-17.285766259211403
421,2021-01-04-US-RWC-1/Pixel4Modded,G5,22.183215788735424
422,2021-01-04-US-RWC-1/Pixel4Modded,G8,-20.323242169044
423,2021-01-04-US-RWC-1/Pixel4Modded,G9,-4.1368494652796315
424,2021-01-04-US-RWC-1/Pixel4Modded,G7,5.842064795191631
425,2021-01-04-US-RWC-1/Pixel4Modded,G14,14.388571318904273
426,2021-01-04-US-RWC-1/Pixel4Modded,G28,16.53718992677463
427,2021-01-04-US-RWC-1/Pixel4Modded,G27,-21.357155564224037
428,2021-01-04-US-RWC-1/Pixel4Modded,G30,20.723423135169604
429,2021-01-04-US-RWC-1/Pixel4Modded,G16,-16.354527379674366
430,2021-01-04-US-RWC-1/Pixel4XL,G5,19.988640062313806
431,2021-01-04-US-RWC-1/Pixel4XL,G9,-5.593356527312875
432,2021-01-04-US-RWC-1/Pixel4XL,G7,4.029966127309223
433,2021-01-04-US-RWC-1/Pixel4XL,G16,-18.916016318042395
434,2021-01-04-US-RWC-1/Pixel4XL,G28,14.351636727882427
435,2021-01-04-US-RWC-1/Pixel4XL,G27,-22.906579723546677
436,2021-01-04-US-RWC-1/Pixel4XL,G30,18.994923038579394
437,2021-01-04-US-RWC-1/Pixel4XL,G4,-17.19561071286764
438,2021-01-04-US-RWC-1/Pixel4XL,G8,-20.617661669263626
439,2021-01-04-US-RWC-1/Pixel4XL,G14,13.005503717359693
440,2021-01-04-US-RWC-1/Pixel5,G5,20.10940380441441
441,2021-01-04-US-RWC-1/Pixel5,G9,-5.228145047225608
442,2021-01-04-US-RWC-1/Pixel5,G7,3.8986608871541417
443,2021-01-04-US-RWC-1/Pixel5,G27,-22.86044086735232
444,2021-01-04-US-RWC-1/Pixel5,G4,-19.45323148925298
445,2021-01-04-US-RWC-1/Pixel5,G8,-22.745359329254995
446,2021-01-04-US-RWC-1/Pixel5,G16,-20.40896480475975
447,2021-01-04-US-RWC-1/Pixel5,G14,13.594733424176079
448,2021-01-04-US-RWC-1/Pixel5,G28,16.102679275577493
449,2021-01-04-US-RWC-1/Pixel5,G30,18.821690062678705
450,2021-01-04-US-RWC-2/Pixel4,G5,25.54649519484552
451,2021-01-04-US-RWC-2/Pixel4,G9,-7.538708956082162
452,2021-01-04-US-RWC-2/Pixel4,G7,-5.440453521669325
453,2021-01-04-US-RWC-2/Pixel4,G13,22.980307801110886
454,2021-01-04-US-RWC-2/Pixel4,G27,-18.886521679023843
455,2021-01-04-US-RWC-2/Pixel4,G4,-17.742841360550372
456,2021-01-04-US-RWC-2/Pixel4,G8,-21.125725979708985
457,2021-01-04-US-RWC-2/Pixel4,G14,11.888233152562965
458,2021-01-04-US-RWC-2/Pixel4,G28,16.3482027303654
459,2021-01-04-US-RWC-2/Pixel4,G30,10.993963273507017
460,2021-01-04-US-RWC-2/Pixel4Modded,G4,-18.730654484379478
461,2021-01-04-US-RWC-2/Pixel4Modded,G5,24.289591110444174
462,2021-01-04-US-RWC-2/Pixel4Modded,G8,-20.997612154956606
463,2021-01-04-US-RWC-2/Pixel4Modded,G9,-8.995108991669296
464,2021-01-04-US-RWC-2/Pixel4Modded,G7,-6.326354432593377
465,2021-01-04-US-RWC-2/Pixel4Modded,G14,11.983903647014584
466,2021-01-04-US-RWC-2/Pixel4Modded,G28,15.649952037411186
467,2021-01-04-US-RWC-2/Pixel4Modded,G30,9.887254676750155
468,2021-01-04-US-RWC-2/Pixel4Modded,G27,-19.28372710008905
469,2021-01-04-US-RWC-2/Pixel4Modded,G13,20.300021717599943
470,2021-01-04-US-RWC-2/Pixel4XL,G5,23.831840247286735
471,2021-01-04-US-RWC-2/Pixel4XL,G8,-19.730153896818297
472,2021-01-04-US-RWC-2/Pixel4XL,G9,-6.366635870547991
473,2021-01-04-US-RWC-2/Pixel4XL,G7,-5.079307246303562
474,2021-01-04-US-RWC-2/Pixel4XL,G14,13.302495942640109
475,2021-01-04-US-RWC-2/Pixel4XL,G28,16.17470946715886
476,2021-01-04-US-RWC-2/Pixel4XL,G27,-18.44095987596515
477,2021-01-04-US-RWC-2/Pixel4XL,G30,11.643539165021593
478,2021-01-04-US-RWC-2/Pixel4XL,G4,-18.000574099790164
479,2021-01-04-US-RWC-2/Pixel4XL,G13,22.479030069449806
480,2021-01-04-US-RWC-2/Pixel5,G5,25.28682532004065
481,2021-01-04-US-RWC-2/Pixel5,G9,-7.762895032607331
482,2021-01-04-US-RWC-2/Pixel5,G7,-4.968738064143578
483,2021-01-04-US-RWC-2/Pixel5,G8,-20.82633307954961
484,2021-01-04-US-RWC-2/Pixel5,G14,12.893646300159741
485,2021-01-04-US-RWC-2/Pixel5,G28,16.63158554093522
486,2021-01-04-US-RWC-2/Pixel5,G30,12.828488878568029
487,2021-01-04-US-RWC-2/Pixel5,G27,-18.859988941446392
488,2021-01-04-US-RWC-2/Pixel5,G4,-19.35996344472421
489,2021-01-04-US-RWC-2/Pixel5,G13,22.064733444984505
490,2021-01-05-US-SVL-1/Mi8,G3,1.3661363738874202
491,2021-01-05-US-SVL-1/Mi8,G9,3.809868758712865
492,2021-01-05-US-SVL-1/Mi8,G7,17.546098289085766
493,2021-01-05-US-SVL-1/Mi8,G27,-20.91869408585902
494,2021-01-05-US-SVL-1/Mi8,G4,-11.892644572988615
495,2021-01-05-US-SVL-1/Mi8,G8,-15.096917284383926
496,2021-01-05-US-SVL-1/Mi8,G16,-12.206849922538977
497,2021-01-05-US-SVL-1/Mi8,G30,30.830076444558678
498,2021-01-05-US-SVL-1/Mi8,G14,25.719085063090578
499,2021-01-05-US-SVL-1/Mi8,G5,14.466181366152354
500,2021-01-05-US-SVL-1/Mi8,G28,21.9027846399579
501,2021-01-05-US-SVL-1/Pixel4,G3,0.8490464990650284
502,2021-01-05-US-SVL-1/Pixel4,G9,-0.3065054847856823
503,2021-01-05-US-SVL-1/Pixel4,G7,13.87202568073585
504,2021-01-05-US-SVL-1/Pixel4,G4,-13.104601545659763
505,2021-01-05-US-SVL-1/Pixel4,G8,-17.712914578711565
506,2021-01-05-US-SVL-1/Pixel4,G16,-14.109518983955002
507,2021-01-05-US-SVL-1/Pixel4,G30,29.293308632206113
508,2021-01-05-US-SVL-1/Pixel4,G27,-24.00207057808985
509,2021-01-05-US-SVL-1/Pixel4,G14,16.116924727074977
510,2021-01-05-US-SVL-1/Pixel4,G5,15.306749127034236
511,2021-01-05-US-SVL-1/Pixel4,G28,11.003809439018369
512,2021-01-05-US-SVL-1/Pixel4XL,G4,-13.516414479082105
513,2021-01-05-US-SVL-1/Pixel4XL,G3,0.562966987721044
514,2021-01-05-US-SVL-1/Pixel4XL,G9,0.43847402488681947
515,2021-01-05-US-SVL-1/Pixel4XL,G7,12.305904606209873
516,2021-01-05-US-SVL-1/Pixel4XL,G16,-16.834433328444195
517,2021-01-05-US-SVL-1/Pixel4XL,G27,-23.389972053166584
518,2021-01-05-US-SVL-1/Pixel4XL,G30,27.103220168280338
519,2021-01-05-US-SVL-1/Pixel4XL,G8,-15.454615580666786
520,2021-01-05-US-SVL-1/Pixel4XL,G5,16.759834799409735
521,2021-01-05-US-SVL-1/Pixel4XL,G14,18.890027325734135
522,2021-01-05-US-SVL-1/Pixel4XL,G28,31.101745689864472
523,2021-01-05-US-SVL-1/Pixel5,G4,-13.751702173958492
524,2021-01-05-US-SVL-1/Pixel5,G8,-19.128165714350704
525,2021-01-05-US-SVL-1/Pixel5,G9,2.1089351397381617
526,2021-01-05-US-SVL-1/Pixel5,G7,14.569660042129255
527,2021-01-05-US-SVL-1/Pixel5,G16,-12.458194926245776
528,2021-01-05-US-SVL-1/Pixel5,G27,-21.59413054232635
529,2021-01-05-US-SVL-1/Pixel5,G30,28.235138873444882
530,2021-01-05-US-SVL-1/Pixel5,G3,0.9349660126012366
531,2021-01-05-US-SVL-1/Pixel5,G14,15.727971669937398
532,2021-01-05-US-SVL-1/Pixel5,G5,11.561238203429232
533,2021-01-05-US-SVL-1/Pixel5,G28,15.823740237441502
534,2021-01-05-US-SVL-2/Pixel4,G9,-5.1446896973984355
535,2021-01-05-US-SVL-2/Pixel4,G7,4.993970679392952
536,2021-01-05-US-SVL-2/Pixel4,G27,-22.569092135116698
537,2021-01-05-US-SVL-2/Pixel4,G4,-16.877871504075546
538,2021-01-05-US-SVL-2/Pixel4,G8,-19.43339840122266
539,2021-01-05-US-SVL-2/Pixel4,G14,13.747152867236995
540,2021-01-05-US-SVL-2/Pixel4,G28,15.822974331221769
541,2021-01-05-US-SVL-2/Pixel4,G30,20.815976516513896
542,2021-01-05-US-SVL-2/Pixel4,G16,-18.427178973898748
543,2021-01-05-US-SVL-2/Pixel4,G5,20.917957814045753
544,2021-01-05-US-SVL-2/Pixel4Modded,G5,21.205136753094912
545,2021-01-05-US-SVL-2/Pixel4Modded,G9,-4.121462927860714
546,2021-01-05-US-SVL-2/Pixel4Modded,G7,6.5310382236283315
547,2021-01-05-US-SVL-2/Pixel4Modded,G4,-17.390893508876683
548,2021-01-05-US-SVL-2/Pixel4Modded,G8,-18.60954753257817
549,2021-01-05-US-SVL-2/Pixel4Modded,G14,15.437816173747837
550,2021-01-05-US-SVL-2/Pixel4Modded,G28,19.049549143790614
551,2021-01-05-US-SVL-2/Pixel4Modded,G30,22.261683958495656
552,2021-01-05-US-SVL-2/Pixel4Modded,G27,-21.275577753295952
553,2021-01-05-US-SVL-2/Pixel4Modded,G16,-17.285521225084644
554,2021-01-05-US-SVL-2/Pixel4XL,G4,-16.165903410247385
555,2021-01-05-US-SVL-2/Pixel4XL,G8,-18.985922093536963
556,2021-01-05-US-SVL-2/Pixel4XL,G9,-4.927406110501952
557,2021-01-05-US-SVL-2/Pixel4XL,G7,4.604000381312226
558,2021-01-05-US-SVL-2/Pixel4XL,G16,-13.237364375714122
559,2021-01-05-US-SVL-2/Pixel4XL,G14,16.8928349710786
560,2021-01-05-US-SVL-2/Pixel4XL,G28,22.367299552270797
561,2021-01-05-US-SVL-2/Pixel4XL,G27,-21.787415101735487
562,2021-01-05-US-SVL-2/Pixel4XL,G30,21.76105551198613
563,2021-01-05-US-SVL-2/Pixel4XL,G5,21.882103957510036
564,2021-03-10-US-SVL-1/Pixel4XL,G2,4.014234626832438
565,2021-03-10-US-SVL-1/Pixel4XL,G6,-7.069824590027728
566,2021-03-10-US-SVL-1/Pixel4XL,G12,22.19798904644487
567,2021-03-10-US-SVL-1/Pixel4XL,G13,19.271008722125128
568,2021-03-10-US-SVL-1/Pixel4XL,G17,-11.680406221575142
569,2021-03-10-US-SVL-1/Pixel4XL,G14,-20.70145383437331
570,2021-03-10-US-SVL-1/Pixel4XL,G15,37.84363405956097
571,2021-03-10-US-SVL-1/Pixel4XL,G19,-1.7056015084308254
572,2021-03-10-US-SVL-1/Pixel4XL,G24,14.086817726160772
573,2021-03-10-US-SVL-1/Pixel4XL,G28,-19.751095423026545
574,2021-03-10-US-SVL-1/SamsungS20Ultra,G13,19.256081438110602
575,2021-03-10-US-SVL-1/SamsungS20Ultra,G17,-10.63666594843253
576,2021-03-10-US-SVL-1/SamsungS20Ultra,G15,32.89497234795887
577,2021-03-10-US-SVL-1/SamsungS20Ultra,G19,0.21446969386614192
578,2021-03-10-US-SVL-1/SamsungS20Ultra,G2,6.761879468334171
579,2021-03-10-US-SVL-1/SamsungS20Ultra,G6,-3.9246204017473474
580,2021-03-10-US-SVL-1/SamsungS20Ultra,G12,23.92825205419667
581,2021-03-10-US-SVL-1/SamsungS20Ultra,G14,-23.9012521366712
582,2021-03-10-US-SVL-1/SamsungS20Ultra,G24,17.67185015419907
583,2021-03-10-US-SVL-1/SamsungS20Ultra,G28,-19.654544679139256
584,2021-04-15-US-MTV-1/Pixel4,G2,5.1936209541223
585,2021-04-15-US-MTV-1/Pixel4,G6,-6.224288218774679
586,2021-04-15-US-MTV-1/Pixel4,G12,19.54757298363214
587,2021-04-15-US-MTV-1/Pixel4,G17,-18.934162314651076
588,2021-04-15-US-MTV-1/Pixel4,G19,-9.408892662160419
589,2021-04-15-US-MTV-1/Pixel4,G28,-23.766604249086758
590,2021-04-15-US-MTV-1/Pixel4,G14,-23.125046224462558
591,2021-04-15-US-MTV-1/Pixel4,G3,-11.896482359267015
592,2021-04-15-US-MTV-1/Pixel4,G25,39.136832000444976
593,2021-04-15-US-MTV-1/Pixel4Modded,G3,-0.9332418167710903
594,2021-04-15-US-MTV-1/Pixel4Modded,G17,-18.953220743461237
595,2021-04-15-US-MTV-1/Pixel4Modded,G19,-8.748637986684388
596,2021-04-15-US-MTV-1/Pixel4Modded,G2,5.523964558801416
597,2021-04-15-US-MTV-1/Pixel4Modded,G6,-6.64377412334536
598,2021-04-15-US-MTV-1/Pixel4Modded,G12,19.242463119831502
599,2021-04-15-US-MTV-1/Pixel4Modded,G14,-24.59341278533141
600,2021-04-15-US-MTV-1/Pixel4Modded,G28,-24.628783158981044
601,2021-04-15-US-MTV-1/Pixel4Modded,G25,36.36527213431088
602,2021-04-15-US-MTV-1/Pixel5,G17,-17.361798417802994
603,2021-04-15-US-MTV-1/Pixel5,G19,-7.544725696718385
604,2021-04-15-US-MTV-1/Pixel5,G2,5.9536008296611795
605,2021-04-15-US-MTV-1/Pixel5,G6,-5.560189262239965
606,2021-04-15-US-MTV-1/Pixel5,G12,19.781308993585295
607,2021-04-15-US-MTV-1/Pixel5,G14,-24.646060838950056
608,2021-04-15-US-MTV-1/Pixel5,G28,-23.048571998578925
609,2021-04-15-US-MTV-1/Pixel5,G3,-12.201589396684478
610,2021-04-15-US-MTV-1/Pixel5,G25,31.609503726710233
611,2021-04-15-US-MTV-1/SamsungS20Ultra,G17,-17.758366939858725
612,2021-04-15-US-MTV-1/SamsungS20Ultra,G19,-8.152144370455366
613,2021-04-15-US-MTV-1/SamsungS20Ultra,G2,4.004302704014694
614,2021-04-15-US-MTV-1/SamsungS20Ultra,G6,-6.745943642860187
615,2021-04-15-US-MTV-1/SamsungS20Ultra,G12,17.686400116794033
616,2021-04-15-US-MTV-1/SamsungS20Ultra,G14,-24.26692139284074
617,2021-04-15-US-MTV-1/SamsungS20Ultra,G28,-23.59562905259909
618,2021-04-15-US-MTV-1/SamsungS20Ultra,G3,4.706438136752695
619,2021-04-15-US-MTV-1/SamsungS20Ultra,G25,27.518775575890505
620,2021-04-15-US-MTV-1/SamsungS20Ultra,G32,54.73062667101622
